rio,estacao,data,cota_atual,data_da_minima,cota_minima,relacao_cota_atual,data_ano,cota_periodo,relacao_cota_atual_ano,codigo
Negro,Barcelos (Negro),2024-10-29,215,1980-03-18,58,157,1980-10-29,432,-217,14480002
Purus,Beruri (Purus),2024-10-29,281,2023-10-25,397,-116,2023-10-29,428,-147,13990000
Branco,Boa Vista (Branco),2024-10-29,106,2016-02-14,-56.5,162.5,2016-10-29,145,-39,14620000
Branco,Caracaraí (Branco),2024-10-29,167,1998-03-24,-10,177,1998-10-29,161,6,14710000
P. Careiro,Careiro (P. Careiro),2024-10-28,18,2023-10-28,17,1,2023-10-28,17,1,15040000
Solimões,Fonte Boa (Solimões),2024-10-29,717,2010-10-22,802,-85,2010-10-29,952,-235,12351000
Madeira,Humaitá (Madeira),2024-10-29,870,2023-10-01,810,60,2023-10-29,939,-69,15630000
Amazonas,Itacoatiara (Amazonas),2024-10-29,-11,2023-10-24,36,-47,2023-10-29,54,-65,16030000
Solimões,Itapeuá (Solimões),2024-10-29,11,2010-10-20,131,-120,2010-10-29,218,-207,13150000
Solimões,Manacapuru (Solimões),2024-10-29,220,2023-10-26,311,-91,2023-10-29,321,-101,14100000
Negro,Manaus (Negro),2024-10-29,1222,2023-10-26,1270,-48,2023-10-29,1280,-58,14990000
Amazonas,Parintins (Amazonas),2024-10-28,-250,2023-10-24,-217,-33,2023-10-28,-203,-47,16350002
Acre,Rio Branco (Acre),2024-10-29,279,2022-10-02,124,155,2022-10-29,332,-53,13600002
Negro,S. G. C. (Negro),2024-10-29,624,1992-02-07,330,294,1992-10-29,628,-4,14320001
Solimões,Tabatinga (Solimões),2024-10-29,-79,2010-10-11,-86,7,2010-10-29,77,-156,10100000
Negro,S.I.N.Tapuruquara (Negro),2024-10-28,179,1980-03-13,28,151,1980-10-28,446,-267,14400000
Negro,Barcelos (Negro),2024-10-21,257,1980-03-18,58,199,1980-10-21,435,-178,14480002
Purus,Beruri (Purus),2024-10-21,285,2023-10-25,397,-112,2023-10-21,415,-130,13990000
Branco,Boa Vista (Branco),2024-10-21,115,2016-02-14,-56.5,171.5,2016-10-21,86,29,14620000
Branco,Caracaraí (Branco),2024-10-21,176,1998-03-24,-10,186,1998-10-21,220,-44,14710000
P. Careiro,Careiro (P. Careiro),2024-10-20,3,2023-10-28,17,-14,2023-10-20,78,-75,15040000
Solimões,Fonte Boa (Solimões),2024-10-21,727,2010-10-22,802,-75,2010-10-21,850,-123,12351000
Madeira,Humaitá (Madeira),2024-10-21,830,2023-10-01,810,20,2023-10-21,940,-110,15630000
Amazonas,Itacoatiara (Amazonas),2024-10-21,21,2023-10-24,36,-15,2023-10-21,75,-54,16030000
Solimões,Itapeuá (Solimões),2024-10-21,2,2010-10-20,131,-129,2010-10-21,139,-137,13150000
Solimões,Manacapuru (Solimões),2024-10-21,237,2023-10-26,311,-74,2023-10-21,345,-108,14100000
Negro,Manaus (Negro),2024-10-21,1250,2023-10-26,1270,-20,2023-10-21,1309,-59,14990000
Amazonas,Parintins (Amazonas),2024-10-20,-233,2023-10-24,-217,-16,2023-10-20,-196,-37,16350002
Acre,Rio Branco (Acre),2024-10-21,187,2022-10-02,124,63,2022-10-21,266,-79,13600002
Negro,S. G. C. (Negro),2024-10-21,612,1992-02-07,330,282,1992-10-21,692,-80,14320001
Solimões,Tabatinga (Solimões),2024-10-21,-114,2010-10-11,-86,-28,2010-10-21,85,-199,10100000
Negro,S.I.N.Tapuruquara (Negro),2024-10-13,279,1980-03-13,28,251,1980-10-13,451,-172,14400000
Negro,Barcelos (Negro),2024-10-14,299,1980-03-18,58,241,1980-10-14,447,-148,14480002
Purus,Beruri (Purus),2024-10-13,259,2023-10-25,397,-138,2023-10-13,506,-247,13990000
Branco,Boa Vista (Branco),2024-10-14,159,2016-02-14,-56.5,215.5,2016-10-14,112,47,14620000
Branco,Caracaraí (Branco),2024-10-14,240,1998-03-24,-10,250,1998-10-14,234,6,14710000
P. Careiro,Careiro (P. Careiro),2024-10-10,-22,2023-10-28,17,-39,2023-10-10,181,-203,15040000
Solimões,Fonte Boa (Solimões),2024-10-12,717,2010-10-22,802,-85,2010-10-12,831,-114,12351000
Madeira,Humaitá (Madeira),2024-10-14,804,2023-10-01,810,-6,2023-10-14,819,-15,15630000
Amazonas,Itacoatiara (Amazonas),2024-10-13,-11,2023-10-24,36,-47,2023-10-13,137,-148,16030000
Solimões,Itapeuá (Solimões),2024-10-14,-21,2010-10-20,131,-152,2010-10-14,196,-217,13150000
Solimões,Manacapuru (Solimões),2024-10-14,207,2023-10-26,311,-104,2023-10-14,433,-226,14100000
Negro,Manaus (Negro),2024-10-14,1228,2023-10-26,1270,-42,2023-10-14,1378,-150,14990000
Amazonas,Parintins (Amazonas),2024-10-13,-260,2023-10-24,-217,-43,2023-10-13,-154,-106,16350002
Acre,Rio Branco (Acre),2024-10-14,271,2022-10-02,124,147,2022-10-14,215,56,13600002
Negro,S. G. C. (Negro),2024-10-14,656,1992-02-07,330,326,1992-10-11,647,9,14320001
Solimões,Tabatinga (Solimões),2024-10-14,-182,2010-10-11,-86,-96,2010-10-14,-70,-112,10100000
Negro,S.I.N.Tapuruquara (Negro),2024-10-13,279,1980-03-13,28,251,1980-10-13,451,-172,14400000
Negro,Barcelos (Negro),2024-10-08,289,1980-03-18,58,231,1980-10-08,465,-176,14480002
Purus,Beruri (Purus),2024-10-07,355,2023-10-25,397,-42,2023-10-07,573,-218,13990000
Branco,Boa Vista (Branco),2024-10-08,228,2016-02-14,-56.5,284.5,2016-10-08,125,103,14620000
Branco,Caracaraí (Branco),2024-10-08,298,1998-03-24,-10,308,1998-10-08,378,-80,14710000
P. Careiro,Careiro (P. Careiro),2024-10-06,8,2023-10-28,17,-9,2023-10-06,230,-222,15040000
Solimões,Fonte Boa (Solimões),2024-10-08,719,2010-10-22,802,-83,2010-10-08,891,-172,12351000
Madeira,Humaitá (Madeira),2024-10-04,822,2023-10-01,810,12,2023-10-04,867,-45,15630000
Amazonas,Itacoatiara (Amazonas),2024-10-08,8,2023-10-24,36,-28,2023-10-08,197,-189,16030000
Solimões,Itapeuá (Solimões),2024-10-07,-29,2010-10-20,131,-160,2010-10-07,321,-350,13150000
Solimões,Manacapuru (Solimões),2024-10-08,213,2023-10-26,311,-98,2023-10-08,507,-294,14100000
Negro,Manaus (Negro),2024-10-08,1217,2023-10-26,1270,-53,2023-10-08,1453,-236,14990000
Amazonas,Parintins (Amazonas),2024-10-07,-242,2023-10-24,-217,-25,2023-10-07,-112,-130,16350002
Acre,Rio Branco (Acre),2024-10-08,129,2022-10-02,124,5,2022-10-08,204,-75,13600002
Negro,S. G. C. (Negro),2024-10-08,702,1992-02-07,330,372,1992-10-07,688,14,14320001
Solimões,Tabatinga (Solimões),2024-10-08,-234,2010-10-11,-86,-148,2010-10-08,-60,-174,10100000
Negro,S.I.N.Tapuruquara (Negro),2024-10-08,320,1980-03-13,28,292,1980-10-08,460,-140,14400000
Negro,Barcelos (Negro),2024-10-04,248,1980-03-18,58,190,1980-10-04,463,-215,14480002
Purus,Beruri (Purus),2024-10-04,350,2023-10-25,397,-47,2023-10-04,590,-240,13990000
Branco,Boa Vista (Branco),2024-10-04,225,2016-02-14,-56.5,281.5,2016-10-04,142,83,14620000
Branco,Caracaraí (Branco),2024-10-04,214,1998-03-24,-10,224,1998-10-04,242,-28,14710000
P. Careiro,Careiro (P. Careiro),2024-10-03,20,2023-10-28,17,3,2023-10-03,264,-244,15040000
Solimões,Fonte Boa (Solimões),2024-10-04,725,2010-10-22,802,-77,2010-10-04,952,-227,12351000
Madeira,Humaitá (Madeira),2024-10-04,822,2023-10-01,810,12,2023-10-04,867,-45,15630000
Amazonas,Itacoatiara (Amazonas),2024-10-04,32,2023-10-24,36,-4,2023-10-04,252,-220,16030000
Solimões,Itapeuá (Solimões),2024-10-03,-18,2010-10-20,131,-149,2010-10-03,348,-366,13150000
Solimões,Manacapuru (Solimões),2024-10-04,242,2023-10-26,311,-69,2023-10-04,535,-293,14100000
Negro,Manaus (Negro),2024-10-04,1266,2023-10-26,1270,-4,2023-10-04,1502,-236,14990000
Amazonas,Parintins (Amazonas),2024-10-03,-226,2023-10-24,-217,-9,2023-10-03,-56,-170,16350002
Acre,Rio Branco (Acre),2024-10-04,134,2022-10-02,124,10,2022-10-04,185,-51,13600002
Negro,S. G. C. (Negro),2024-10-04,661,1992-02-07,330,331,1992-09-30,757,-96,14320001
Solimões,Tabatinga (Solimões),2024-10-04,-199,2010-10-11,-86,-113,2010-10-04,-5,-194,10100000
Negro,S.I.N.Tapuruquara (Negro),2024-10-04,303,1980-03-13,28,275,1980-10-04,503,-200,14400000
Negro,Barcelos (Negro),2024-10-01,253,1980-03-18,58,195,1980-10-01,461,-208,14480002
Purus,Beruri (Purus),2024-10-01,354,2023-10-25,397,-43,2023-10-01,613,-259,13990000
Branco,Boa Vista (Branco),2024-10-01,150,2016-02-14,-56.5,206.5,2016-10-01,156,-6,14620000
Branco,Caracaraí (Branco),2024-10-01,220,1998-03-24,-10,230,1998-10-01,273,-53,14710000
P. Careiro,Careiro (P. Careiro),2024-09-28,98,2023-10-28,17,81,2023-09-28,378,-280,15040000
Solimões,Fonte Boa (Solimões),2024-10-01,732,2010-10-22,802,-70,2010-10-01,976,-244,12351000
Madeira,Humaitá (Madeira),2024-09-30,800,2023-10-01,810,-10,2023-09-30,916,-116,15630000
Amazonas,Itacoatiara (Amazonas),2024-10-01,61,2023-10-24,36,25,2023-10-01,295,-234,16030000
Solimões,Itapeuá (Solimões),2024-10-01,-4,2010-10-20,131,-135,2010-10-01,354,-358,13150000
Solimões,Manacapuru (Solimões),2024-10-01,282,2023-10-26,311,-29,2023-10-01,593,-311,14100000
Negro,Manaus (Negro),2024-10-01,1305,2023-10-26,1270,35,2023-10-01,1546,-241,14990000
Amazonas,Parintins (Amazonas),2024-09-28,-176,2023-10-24,-217,41,2023-09-28,14,-190,16350002
Acre,Rio Branco (Acre),2024-10-01,135,2022-10-02,124,11,2022-10-01,125,10,13600002
Negro,S. G. C. (Negro),2024-10-01,661,1992-02-07,330,331,1992-09-30,757,-96,14320001
Solimões,Tabatinga (Solimões),2024-10-01,-219,2010-10-11,-86,-133,2010-10-01,45,-264,10100000
Negro,S.I.N.Tapuruquara (Negro),2024-09-30,223,1980-03-13,28,195,1980-09-30,523,-300,14400000
Negro,Barcelos (Negro),2024-09-27,278,1980-03-18,58,220,1980-09-27,458,-180,14480002
Purus,Beruri (Purus),2024-09-27,400,2023-10-25,397,3,2023-09-27,680,-280,13990000
Branco,Boa Vista (Branco),2024-09-27,155,2016-02-14,-56.5,211.5,2016-09-27,203,-48,14620000
Branco,Caracaraí (Branco),2024-09-27,235,1998-03-24,-10,245,1998-09-27,304,-69,14710000
P. Careiro,Careiro (P. Careiro),2024-09-23,202,2023-10-28,17,185,2023-09-23,520,-318,15040000
Solimões,Fonte Boa (Solimões),2024-09-26,738,2010-10-22,802,-64,2010-09-26,982,-244,12351000
Madeira,Humaitá (Madeira),2024-09-26,808,2023-10-01,810,-2,2023-09-26,938,-130,15630000
Amazonas,Itacoatiara (Amazonas),2024-09-27,123,2023-10-24,36,87,2023-09-27,378,-255,16030000
Solimões,Itapeuá (Solimões),2024-09-25,58,2010-10-20,131,-73,2010-09-25,360,-302,13150000
Solimões,Manacapuru (Solimões),2024-09-27,347,2023-10-26,311,36,2023-09-27,640,-293,14100000
Negro,Manaus (Negro),2024-09-27,1373,2023-10-26,1270,103,2023-09-27,1641,-268,14990000
Amazonas,Parintins (Amazonas),2024-09-26,-42,2023-10-24,-217,175,2023-09-26,48,-90,16350002
Acre,Rio Branco (Acre),2024-09-27,127,2022-10-02,124,3,2022-09-27,131,-4,13600002
Negro,S. G. C. (Negro),2024-09-27,635,1992-02-07,330,305,1992-09-27,779,-144,14320001
Solimões,Tabatinga (Solimões),2024-09-27,-224,2010-10-11,-86,-138,2010-09-27,76,-300,10100000
Negro,S.I.N.Tapuruquara (Negro),2024-09-26,237,1980-03-13,28,209,1980-09-26,512,-275,14400000
Negro,Barcelos (Negro),2024-09-20,330,1980-03-18,58,272,1980-09-20,472,-142,14480002
Purus,Beruri (Purus),2024-09-20,521,2023-10-25,397,124,2023-09-20,889,-368,13990000
Branco,Boa Vista (Branco),2024-09-20,206,2016-02-14,-56.5,262.5,2016-09-20,388,-182,14620000
Branco,Caracaraí (Branco),2024-09-20,296,1998-03-24,-10,306,1998-09-20,369,-73,14710000
P. Careiro,Careiro (P. Careiro),2024-09-18,294,2023-10-28,17,277,2023-09-18,704,-410,15040000
Solimões,Fonte Boa (Solimões),2024-09-17,772,2010-10-22,802,-30,2010-09-17,923,-151,12351000
Madeira,Humaitá (Madeira),2024-09-17,830,2023-10-01,810,20,2023-09-17,975,-145,15630000
Amazonas,Itacoatiara (Amazonas),2024-09-20,244,2023-10-24,36,208,2023-09-20,572,-328,16030000
Solimões,Itapeuá (Solimões),2024-09-19,127,2010-10-20,131,-4,2010-09-19,324,-197,13150000
Solimões,Manacapuru (Solimões),2024-09-20,497,2023-10-26,311,186,2023-09-20,874,-377,14100000
Negro,Manaus (Negro),2024-09-20,1508,2023-10-26,1270,238,2023-09-20,1866,-358,14990000
Amazonas,Parintins (Amazonas),2024-09-12,54,2023-10-24,-217,271,2023-09-12,329,-275,16350002
Acre,Rio Branco (Acre),2024-09-20,125,2022-10-02,124,1,2022-09-20,193,-68,13600002
Negro,S. G. C. (Negro),2024-09-20,688,1992-02-07,330,358,1992-09-20,812,-124,14320001
Solimões,Tabatinga (Solimões),2024-09-20,-206,2010-10-11,-86,-120,2010-09-20,117,-323,10100000
Negro,S.I.N.Tapuruquara (Negro),2024-09-20,294,1980-03-13,28,266,1980-09-20,493,-199,14400000
Negro,Barcelos (Negro),2024-09-13,380,1980-03-18,58,322,1980-09-13,479,-99,14480002
Purus,Beruri (Purus),2024-09-13,662,2023-10-25,397,265,2023-09-13,1127,-465,13990000
Branco,Boa Vista (Branco),2024-09-13,213,2016-02-14,-56.5,269.5,2016-09-13,297,-84,14620000
Branco,Caracaraí (Branco),2024-09-13,305,1998-03-24,-10,315,1998-09-13,279,26,14710000
P. Careiro,Careiro (P. Careiro),2024-09-05,628,2023-10-28,17,611,2023-09-05,1054,-426,15040000
Solimões,Fonte Boa (Solimões),2024-09-13,1016,2010-10-22,802,214,2010-09-13,911,105,12351000
Madeira,Humaitá (Madeira),2024-09-13,842,2023-10-01,810,32,2023-09-13,954,-112,15630000
Amazonas,Itacoatiara (Amazonas),2024-09-09,474,2023-10-24,36,438,2023-09-09,826,-352,16030000
Solimões,Itapeuá (Solimões),2024-09-13,230,2010-10-20,131,99,2010-09-13,379,-149,13150000
Solimões,Manacapuru (Solimões),2024-09-13,657,2023-10-26,311,346,2023-09-13,1116,-459,14100000
Negro,Manaus (Negro),2024-09-13,1675,2023-10-26,1270,405,2023-09-13,2091,-416,14990000
Amazonas,Parintins (Amazonas),2024-09-12,54,2023-10-24,-217,271,2023-09-12,329,-275,16350002
Acre,Rio Branco (Acre),2024-09-12,128,2022-10-02,124,4,2022-09-12,137,-9,13600002
Negro,S. G. C. (Negro),2024-09-12,740,1992-02-07,330,410,1992-09-13,854,-114,14320001
Solimões,Tabatinga (Solimões),2024-09-13,-179,2010-10-11,-86,-93,2010-09-13,16,-195,10100000
Negro,S.I.N.Tapuruquara (Negro),2024-09-04,407,1980-03-13,28,379,1980-09-04,510,-103,14400000
Negro,Barcelos (Negro),2024-09-04,458,1980-03-18,58,400,1980-09-04,505,-47,14480002
Purus,Beruri (Purus),2024-09-04,877,2023-10-25,397,480,2023-09-04,1377,-500,13990000
Branco,Boa Vista (Branco),2024-09-04,376,2016-02-14,-56.5,432.5,2016-09-04,216,160,14620000
Branco,Caracaraí (Branco),2024-09-04,481,1998-03-24,-10,491,1998-09-04,426,55,14710000
P. Careiro,Careiro (P. Careiro),2024-09-03,680,2023-10-28,17,663,2023-09-03,1092,-412,15040000
Solimões,Fonte Boa (Solimões),2024-09-04,1042,2010-10-22,802,240,2010-09-04,967,75,12351000
Madeira,Humaitá (Madeira),2024-09-04,867,2023-10-01,810,57,2023-09-04,992,-125,15630000
Amazonas,Itacoatiara (Amazonas),2024-09-03,593,2023-10-24,36,557,2023-09-03,921,-328,16030000
Solimões,Itapeuá (Solimões),2024-08-31,476,2010-10-20,131,345,2010-08-31,692,-216,13150000
Solimões,Manacapuru (Solimões),2024-09-04,879,2023-10-26,311,568,2023-09-04,1341,-462,14100000
Negro,Manaus (Negro),2024-09-04,1901,2023-10-26,1270,631,2023-09-04,2304,-403,14990000
Amazonas,Parintins (Amazonas),2024-09-03,202,2023-10-24,-217,419,2023-09-03,454,-252,16350002
Acre,Rio Branco (Acre),2024-09-04,131,2022-10-02,124,7,2022-09-04,146,-15,13600002
Negro,S. G. C. (Negro),2024-09-04,794,1992-02-07,330,464,1992-09-04,924,-130,14320001
Solimões,Tabatinga (Solimões),2024-09-04,-131,2010-10-11,-86,-45,2010-09-04,-22,-109,10100000
Negro,S.I.N.Tapuruquara (Negro),2024-09-04,407,1980-03-13,28,379,1980-09-04,510,-103,14400000
Negro,Barcelos (Negro),2024-08-30,519,1980-03-18,58,461,1980-08-30,533,-14,14480002
Purus,Beruri (Purus),2024-08-30,996,2023-10-25,397,599,2023-08-30,1478,-482,13990000
Branco,Boa Vista (Branco),2024-08-30,344,2016-02-14,-56.5,400.5,2016-08-30,321,23,14620000
Branco,Caracaraí (Branco),2024-08-30,394,1998-03-24,-10,404,1998-08-30,355,39,14710000
P. Careiro,Careiro (P. Careiro),2024-08-29,806,2023-10-28,17,789,2023-08-29,1164,-358,15040000
Solimões,Fonte Boa (Solimões),2024-08-30,1074,2010-10-22,802,272,2010-08-30,1045,29,12351000
Madeira,Humaitá (Madeira),2024-08-29,908,2023-10-01,810,98,2023-08-29,1071,-163,15630000
Amazonas,Itacoatiara (Amazonas),2024-08-30,677,2023-10-24,36,641,2023-08-30,975,-298,16030000
Solimões,Itapeuá (Solimões),2024-08-30,494,2010-10-20,131,363,2010-08-30,722,-228,13150000
Solimões,Manacapuru (Solimões),2024-08-30,1003,2023-10-26,311,692,2023-08-30,1431,-428,14100000
Negro,Manaus (Negro),2024-08-30,2027,2023-10-26,1270,757,2023-08-30,2391,-364,14990000
Amazonas,Parintins (Amazonas),2024-08-29,287,2023-10-24,-217,504,2023-08-29,496,-209,16350002
Acre,Rio Branco (Acre),2024-08-30,131,2022-10-02,124,7,2022-08-30,150,-19,13600002
Negro,S. G. C. (Negro),2024-08-30,876,1992-02-07,330,546,1992-08-23,1013,-137,14320001
Solimões,Tabatinga (Solimões),2024-08-30,-94,2010-10-11,-86,-8,2010-08-30,76,-170,10100000
Negro,S.I.N.Tapuruquara (Negro),2024-08-22,536,1980-03-13,28,508,1980-08-22,550,-14,14400000
Negro,Barcelos (Negro),2024-08-23,592,1980-03-18,58,534,1980-08-23,564,28,14480002
Purus,Beruri (Purus),2024-08-23,1177,2023-10-25,397,780,2023-08-23,1599,-422,13990000
Branco,Boa Vista (Branco),2024-08-23,278,2016-02-14,-56.5,334.5,2016-08-23,266,12,14620000
Branco,Caracaraí (Branco),2024-08-23,392,1998-03-24,-10,402,1998-08-23,443,-51,14710000
P. Careiro,Careiro (P. Careiro),2024-08-23,950,2023-10-28,17,933,2023-08-23,1248,-298,15040000
Solimões,Fonte Boa (Solimões),2024-08-23,1126,2010-10-22,802,324,2010-08-23,1197,-71,12351000
Madeira,Humaitá (Madeira),2024-08-23,969,2023-10-01,810,159,2023-08-23,1103,-134,15630000
Amazonas,Itacoatiara (Amazonas),2024-08-23,806,2023-10-24,36,770,2023-08-23,1051,-245,16030000
Solimões,Itapeuá (Solimões),2024-08-22,686,2010-10-20,131,555,2010-08-22,944,-258,13150000
Solimões,Manacapuru (Solimões),2024-08-23,1178,2023-10-26,311,867,2023-08-23,1535,-357,14100000
Negro,Manaus (Negro),2024-08-23,2193,2023-10-26,1270,923,2023-08-23,2483,-290,14990000
Amazonas,Parintins (Amazonas),2024-08-21,392,2023-10-24,-217,609,2023-08-21,568,-176,16350002
Acre,Rio Branco (Acre),2024-08-08,145,2022-10-02,124,21,2022-08-08,181,-36,13600002
Negro,S. G. C. (Negro),2024-08-08,876,1992-02-07,330,546,1992-08-23,1013,-137,14320001
Solimões,Tabatinga (Solimões),2024-08-23,4,2010-10-11,-86,90,2010-08-23,178,-174,10100000
Negro,S.I.N.Tapuruquara (Negro),2024-08-22,536,1980-03-13,28,508,1980-08-22,550,-14,14400000
Negro,Barcelos (Negro),2024-08-16,650,1980-03-18,58,592,1980-08-16,610,40,14480002
Purus,Beruri (Purus),2024-08-16,1360,2023-10-25,397,963,2023-08-16,1703,-343,13990000
Branco,Boa Vista (Branco),2024-08-16,521,2016-02-14,-56.5,577.5,2016-08-16,376,145,14620000
Branco,Caracaraí (Branco),2024-08-16,638,1998-03-24,-10,648,1998-08-16,469,169,14710000
P. Careiro,Careiro (P. Careiro),2024-08-12,1150,2023-10-28,17,1133,2023-08-12,1358,-208,15040000
Solimões,Fonte Boa (Solimões),2024-08-16,1200,2010-10-22,802,398,2010-08-16,1327,-127,12351000
Madeira,Humaitá (Madeira),2024-08-16,972,2023-10-01,810,162,2023-08-16,1112,-140,15630000
Amazonas,Itacoatiara (Amazonas),2024-08-16,912,2023-10-24,36,876,2023-08-16,1113,-201,16030000
Solimões,Itapeuá (Solimões),2024-08-16,865,2010-10-20,131,734,2010-08-16,1052,-187,13150000
Solimões,Manacapuru (Solimões),2024-08-16,1338,2023-10-26,311,1027,2023-08-16,1622,-284,14100000
Negro,Manaus (Negro),2024-08-16,2328,2023-10-26,1270,1058,2023-08-16,2557,-229,14990000
Amazonas,Parintins (Amazonas),2024-08-14,465,2023-10-24,-217,682,2023-08-14,612,-147,16350002
Acre,Rio Branco (Acre),2024-08-08,145,2022-10-02,124,21,2022-08-08,181,-36,13600002
Negro,S. G. C. (Negro),2024-08-08,934,1992-02-07,330,604,1992-08-16,1024,-90,14320001
Solimões,Tabatinga (Solimões),2024-08-16,6,2010-10-11,-86,92,2010-08-16,322,-316,10100000
Negro,S.I.N.Tapuruquara (Negro),2024-08-16,590,1980-03-13,28,562,1980-08-16,575,15,14400000
Negro,Barcelos (Negro),2024-08-09,686,1980-03-18,58,628,1980-08-09,652,34,14480002
Purus,Beruri (Purus),2024-08-09,1505,2023-10-25,397,1108,2023-08-09,1791,-286,13990000
Branco,Boa Vista (Branco),2024-08-09,432,2016-02-14,-56.5,488.5,2016-08-09,527,-95,14620000
Branco,Caracaraí (Branco),2024-08-09,621,1998-03-24,-10,631,1998-08-09,474,147,14710000
P. Careiro,Careiro (P. Careiro),2024-08-09,1190,2023-10-28,17,1173,2023-08-09,1382,-192,15040000
Solimões,Fonte Boa (Solimões),2024-08-09,1321,2010-10-22,802,519,2010-08-09,1410,-89,12351000
Madeira,Humaitá (Madeira),2024-08-09,991,2023-10-01,810,181,2023-08-09,1219,-228,15630000
Amazonas,Itacoatiara (Amazonas),2024-08-09,990,2023-10-24,36,954,2023-08-09,1164,-174,16030000
Solimões,Itapeuá (Solimões),2024-08-09,1041,2010-10-20,131,910,2010-08-09,1176,-135,13150000
Solimões,Manacapuru (Solimões),2024-08-09,1456,2023-10-26,311,1145,2023-08-09,1691,-235,14100000
Negro,Manaus (Negro),2024-08-09,2420,2023-10-26,1270,1150,2023-08-09,2614,-194,14990000
Amazonas,Parintins (Amazonas),2024-08-01,558,2023-10-24,-217,775,2023-08-01,682,-124,16350002
Acre,Rio Branco (Acre),2024-08-07,142,2022-10-02,124,18,2022-08-07,176,-34,13600002
Negro,S. G. C. (Negro),2024-08-07,1006,1992-02-07,330,676,1992-08-02,975,31,14320001
Solimões,Tabatinga (Solimões),2024-08-09,96,2010-10-11,-86,182,2010-08-09,385,-289,10100000
Negro,S.I.N.Tapuruquara (Negro),2024-08-09,638,1980-03-13,28,610,1980-08-09,600,38,14400000
Negro,Barcelos (Negro),2024-08-02,721,1980-03-18,58,663,1980-08-02,683,38,14480002
Purus,Beruri (Purus),2024-08-02,1609,2023-10-25,397,1212,2023-08-02,1867,-258,13990000
Branco,Boa Vista (Branco),2024-08-02,626,2016-02-14,-56.5,682.5,2016-08-02,570,56,14620000
Branco,Caracaraí (Branco),2024-08-02,777,1998-03-24,-10,787,1998-08-02,557,220,14710000
P. Careiro,Careiro (P. Careiro),2024-08-02,1266,2023-10-28,17,1249,2023-08-02,1436,-170,15040000
Solimões,Fonte Boa (Solimões),2024-08-02,1471,2010-10-22,802,669,2010-08-02,1544,-73,12351000
Madeira,Humaitá (Madeira),2024-08-02,1013,2023-10-01,810,203,2023-08-02,1194,-181,15630000
Amazonas,Itacoatiara (Amazonas),2024-08-02,1053,2023-10-24,36,1017,2023-08-02,1208,-155,16030000
Solimões,Itapeuá (Solimões),2024-08-02,1162,2010-10-20,131,1031,2010-08-02,1275,-113,13150000
Solimões,Manacapuru (Solimões),2024-08-02,1548,2023-10-26,311,1237,2023-08-02,1752,-204,14100000
Negro,Manaus (Negro),2024-08-02,2499,2023-10-26,1270,1229,2023-08-02,2666,-167,14990000
Amazonas,Parintins (Amazonas),2024-08-01,558,2023-10-24,-217,775,2023-08-01,682,-124,16350002
Acre,Rio Branco (Acre),2024-08-02,146,2022-10-02,124,22,2022-08-02,177,-31,13600002
Negro,S. G. C. (Negro),2024-08-02,1006,1992-02-07,330,676,1992-08-02,975,31,14320001
Solimões,Tabatinga (Solimões),2024-08-02,279,2010-10-11,-86,365,2010-08-02,432,-153,10100000
Negro,S.I.N.Tapuruquara (Negro),2024-08-02,665,1980-03-13,28,637,1980-08-02,627,38,14400000
Negro,Barcelos (Negro),2024-07-26,754,1980-03-18,58,696,1980-07-26,713,41,14480002
Purus,Beruri (Purus),2024-07-26,1688,2023-10-25,397,1291,2023-07-26,1942,-254,13990000
Branco,Boa Vista (Branco),2024-07-26,741,2016-02-14,-56.5,797.5,2016-07-26,661,80,14620000
Branco,Caracaraí (Branco),2024-07-26,822,1998-03-24,-10,832,1998-07-26,490,332,14710000
P. Careiro,Careiro (P. Careiro),2024-07-26,1324,2023-10-28,17,1307,2023-07-26,1482,-158,15040000
Solimões,Fonte Boa (Solimões),2024-07-26,1566,2010-10-22,802,764,2010-07-26,1584,-18,12351000
Madeira,Humaitá (Madeira),2024-07-26,1061,2023-10-01,810,251,2023-07-26,1286,-225,15630000
Amazonas,Itacoatiara (Amazonas),2024-07-26,1101,2023-10-24,36,1065,2023-07-26,1248,-147,16030000
Solimões,Itapeuá (Solimões),2024-07-26,1245,2010-10-20,131,1114,2010-07-26,1340,-95,13150000
Solimões,Manacapuru (Solimões),2024-07-26,1614,2023-10-26,311,1303,2023-07-26,1804,-190,14100000
Negro,Manaus (Negro),2024-07-26,2557,2023-10-26,1270,1287,2023-07-26,2711,-154,14990000
Amazonas,Parintins (Amazonas),2024-07-25,596,2023-10-24,-217,813,2023-07-25,714,-118,16350002
Acre,Rio Branco (Acre),2024-07-26,151,2022-10-02,124,27,2022-07-26,185,-34,13600002
Negro,S. G. C. (Negro),2024-07-26,1017,1992-02-07,330,687,1992-07-26,950,67,14320001
Solimões,Tabatinga (Solimões),2024-07-26,450,2010-10-11,-86,536,2010-07-26,572,-122,10100000
Negro,S.I.N.Tapuruquara (Negro),2024-07-26,692,1980-03-13,28,664,1980-07-26,632,60,14400000
Negro,Barcelos (Negro),2024-07-18,783,1980-03-18,58,725,1980-07-18,745,38,14480002
Purus,Beruri (Purus),2024-07-18,1772,2023-10-25,397,1375,2023-07-18,1995,-223,13990000
Branco,Boa Vista (Branco),2024-07-18,601,2016-02-14,-56.5,657.5,2016-07-18,462,139,14620000
Branco,Caracaraí (Branco),2024-07-18,648,1998-03-24,-10,658,1998-07-18,650,-2,14710000
P. Careiro,Careiro (P. Careiro),2024-07-18,1392,2023-10-28,17,1375,2023-07-18,1522,-130,15040000
Solimões,Fonte Boa (Solimões),2024-07-18,1651,2010-10-22,802,849,2010-07-18,1660,-9,12351000
Madeira,Humaitá (Madeira),2024-07-17,1102,2023-10-01,810,292,2023-07-17,1334,-232,15630000
Amazonas,Itacoatiara (Amazonas),2024-07-18,1148,2023-10-24,36,1112,2023-07-18,1288,-140,16030000
Solimões,Itapeuá (Solimões),2024-07-18,1328,2010-10-20,131,1197,2010-07-18,1420,-92,13150000
Solimões,Manacapuru (Solimões),2024-07-18,1677,2023-10-26,311,1366,2023-07-18,1846,-169,14100000
Negro,Manaus (Negro),2024-07-18,2614,2023-10-26,1270,1344,2023-07-18,2746,-132,14990000
Amazonas,Parintins (Amazonas),2024-07-17,630,2023-10-24,-217,847,2023-07-17,747,-117,16350002
Acre,Rio Branco (Acre),2024-07-18,164,2022-10-02,124,40,2022-07-18,189,-25,13600002
Negro,S. G. C. (Negro),2024-07-18,1048,1992-02-07,330,718,1992-07-18,950,98,14320001
Solimões,Tabatinga (Solimões),2024-07-18,528,2010-10-11,-86,614,2010-07-18,505,23,10100000
Negro,S.I.N.Tapuruquara (Negro),2024-07-18,711,1980-03-13,28,683,1980-07-18,660,51,14400000
Negro,Barcelos (Negro),2024-07-12,811,1980-03-18,58,753,1980-07-12,779,32,14480002
Purus,Beruri (Purus),2024-07-12,1807,2023-10-25,397,1410,2023-07-12,2018,-211,13990000
Branco,Boa Vista (Branco),2024-07-12,480,2016-02-14,-56.5,536.5,2016-07-12,574,-94,14620000
Branco,Caracaraí (Branco),2024-07-12,618,1998-03-24,-10,628,1998-07-12,719,-101,14710000
P. Careiro,Careiro (P. Careiro),2024-07-12,1412,2023-10-28,17,1395,2023-07-12,1544,-132,15040000
Solimões,Fonte Boa (Solimões),2024-07-12,1703,2010-10-22,802,901,2010-07-12,1743,-40,12351000
Madeira,Humaitá (Madeira),2024-07-10,1208,2023-10-01,810,398,2023-07-10,1426,-218,15630000
Amazonas,Itacoatiara (Amazonas),2024-07-12,1176,2023-10-24,36,1140,2023-07-12,1309,-133,16030000
Solimões,Itapeuá (Solimões),2024-07-11,1386,2010-10-20,131,1255,2010-07-11,1476,-90,13150000
Solimões,Manacapuru (Solimões),2024-07-12,1713,2023-10-26,311,1402,2023-07-12,1871,-158,14100000
Negro,Manaus (Negro),2024-07-12,2645,2023-10-26,1270,1375,2023-07-12,2768,-123,14990000
Amazonas,Parintins (Amazonas),2024-07-11,651,2023-10-24,-217,868,2023-07-11,767,-116,16350002
Acre,Rio Branco (Acre),2024-07-12,175,2022-10-02,124,51,2022-07-12,201,-26,13600002
Negro,S. G. C. (Negro),2024-07-12,1046,1992-02-07,330,716,1992-07-12,926,120,14320001
Solimões,Tabatinga (Solimões),2024-07-12,584,2010-10-11,-86,670,2010-07-12,562,22,10100000
Negro,S.I.N.Tapuruquara (Negro),2024-07-12,705,1980-03-13,28,677,1980-07-12,684,21,14400000
Negro,Barcelos (Negro),2024-07-05,834,1980-03-18,58,776,1980-07-05,801,33,14480002
Purus,Beruri (Purus),2024-07-05,1844,2023-10-25,397,1447,2023-07-05,2039,-195,13990000
Branco,Boa Vista (Branco),2024-07-05,669,2016-02-14,-56.5,725.5,2016-07-05,587,82,14620000
Branco,Caracaraí (Branco),2024-07-05,813,1998-03-24,-10,823,1998-07-05,702,111,14710000
P. Careiro,Careiro (P. Careiro),2024-07-05,1439,2023-10-28,17,1422,2023-07-05,1567,-128,15040000
Solimões,Fonte Boa (Solimões),2024-07-05,1780,2010-10-22,802,978,2010-07-05,1839,-59,12351000
Madeira,Humaitá (Madeira),2024-07-05,1213,2023-10-01,810,403,2023-07-05,1430,-217,15630000
Amazonas,Itacoatiara (Amazonas),2024-07-05,1202,2023-10-24,36,1166,2023-07-05,1333,-131,16030000
Solimões,Itapeuá (Solimões),2024-06-28,1454,2010-10-20,131,1323,2010-06-28,1537,-83,13150000
Solimões,Manacapuru (Solimões),2024-07-05,1742,2023-10-26,311,1431,2023-07-05,1892,-150,14100000
Negro,Manaus (Negro),2024-07-05,2670,2023-10-26,1270,1400,2023-07-05,2793,-123,14990000
Amazonas,Parintins (Amazonas),2024-06-30,676,2023-10-24,-217,893,2023-06-30,790,-114,16350002
Acre,Rio Branco (Acre),2024-07-05,177,2022-10-02,124,53,2022-07-05,215,-38,13600002
Negro,S. G. C. (Negro),2024-07-05,1054,1992-02-07,330,724,1992-07-05,961,93,14320001
Solimões,Tabatinga (Solimões),2024-07-05,632,2010-10-11,-86,718,2010-07-05,699,-67,10100000
Negro,S.I.N.Tapuruquara (Negro),2024-06-28,764,1980-03-13,28,736,1980-06-28,756,8,14400000
Negro,Barcelos (Negro),2024-06-28,834,1980-03-18,58,776,1980-06-28,791,43,14480002
Purus,Beruri (Purus),2024-06-28,1870,2023-10-25,397,1473,2023-06-28,2056,-186,13990000
Branco,Boa Vista (Branco),2024-06-28,693,2016-02-14,-56.5,749.5,2016-06-28,584,109,14620000
Branco,Caracaraí (Branco),2024-06-28,788,1998-03-24,-10,798,1998-06-28,643,145,14710000
P. Careiro,Careiro (P. Careiro),2024-06-28,1451,2023-10-28,17,1434,2023-06-28,1583,-132,15040000
Solimões,Fonte Boa (Solimões),2024-06-28,1847,2010-10-22,802,1045,2010-06-28,1943,-96,12351000
Madeira,Humaitá (Madeira),2024-06-26,1416,2023-10-01,810,606,2023-06-26,1612,-196,15630000
Amazonas,Itacoatiara (Amazonas),2024-06-28,1214,2023-10-24,36,1178,2023-06-28,1352,-138,16030000
Solimões,Itapeuá (Solimões),2024-06-28,1454,2010-10-20,131,1323,2010-06-28,1537,-83,13150000
Solimões,Manacapuru (Solimões),2024-06-28,1759,2023-10-26,311,1448,2023-06-28,1908,-149,14100000
Negro,Manaus (Negro),2024-06-28,2682,2023-10-26,1270,1412,2023-06-28,2810,-128,14990000
Amazonas,Parintins (Amazonas),2024-06-20,692,2023-10-24,-217,909,2023-06-20,810,-118,16350002
Acre,Rio Branco (Acre),2024-06-28,179,2022-10-02,124,55,2022-06-28,254,-75,13600002
Negro,S. G. C. (Negro),2024-06-28,1094,1992-02-07,330,764,1992-06-28,918,176,14320001
Solimões,Tabatinga (Solimões),2024-06-28,670,2010-10-11,-86,756,2010-06-28,783,-113,10100000
Negro,S.I.N.Tapuruquara (Negro),2024-06-28,764,1980-03-13,28,736,1980-06-28,756,8,14400000
Negro,Barcelos (Negro),2024-06-21,821,1980-03-18,58,763,1980-06-21,769,52,14480002
Purus,Beruri (Purus),2024-06-21,1883,2023-10-25,397,1486,2023-06-21,2065,-182,13990000
Branco,Boa Vista (Branco),2024-06-21,647,2016-02-14,-56.5,703.5,2016-06-21,514,133,14620000
Branco,Caracaraí (Branco),2024-06-21,779,1998-03-24,-10,789,1998-06-21,726,53,14710000
P. Careiro,Careiro (P. Careiro),2024-06-21,1457,2023-10-28,17,1440,2023-06-21,1596,-139,15040000
Solimões,Fonte Boa (Solimões),2024-06-21,1933,2010-10-22,802,1131,2010-06-21,1996,-63,12351000
Madeira,Humaitá (Madeira),2024-06-17,1320,2023-10-01,810,510,2023-06-17,1639,-319,15630000
Amazonas,Itacoatiara (Amazonas),2024-06-21,1224,2023-10-24,36,1188,2023-06-21,1366,-142,16030000
Solimões,Itapeuá (Solimões),2024-06-21,1472,2010-10-20,131,1341,2010-06-21,1549,-77,13150000
Solimões,Manacapuru (Solimões),2024-06-21,1767,2023-10-26,311,1456,2023-06-21,1918,-151,14100000
Negro,Manaus (Negro),2024-06-21,2685,2023-10-26,1270,1415,2023-06-21,2824,-139,14990000
Amazonas,Parintins (Amazonas),2024-06-20,692,2023-10-24,-217,909,2023-06-20,810,-118,16350002
Acre,Rio Branco (Acre),2024-06-21,188,2022-10-02,124,64,2022-06-21,324,-136,13600002
Negro,S. G. C. (Negro),2024-06-21,1073,1992-02-07,330,743,1992-06-21,870,203,14320001
Solimões,Tabatinga (Solimões),2024-06-21,679,2010-10-11,-86,765,2010-06-21,876,-197,10100000
Negro,S.I.N.Tapuruquara (Negro),2024-06-21,744,1980-03-13,28,716,1980-06-21,744,0,14400000
Negro,Barcelos (Negro),2024-06-14,785,1980-03-18,58,727,1980-06-14,732,53,14480002
Purus,Beruri (Purus),2024-06-14,1887,2023-10-25,397,1490,2023-06-14,2064,-177,13990000
Branco,Boa Vista (Branco),2024-06-14,695,2016-02-14,-565,7515,2016-06-14,304,391,14620000
Branco,Caracaraí (Branco),2024-06-14,791,1998-03-24,-10,801,1998-06-14,690,101,14710000
P. Careiro,Careiro (P. Careiro),2024-06-13,1451,2023-10-28,17,1434,2023-06-13,1600,-149,15040000
Solimões,Fonte Boa (Solimões),2024-06-14,1985,2010-10-22,802,1183,2010-06-14,2019,-34,12351000
Madeira,Humaitá (Madeira),2024-06-14,1359,2023-10-01,810,549,2023-06-14,1689,-330,15630000
Amazonas,Itacoatiara (Amazonas),2024-06-14,1234,2023-10-24,36,1198,2023-06-14,1374,-140,16030000
Solimões,Itapeuá (Solimões),2024-06-14,1476,2010-10-20,131,1345,2010-06-14,1552,-76,13150000
Solimões,Manacapuru (Solimões),2024-06-14,1764,2023-10-26,311,1453,2023-06-14,1920,-156,14100000
Negro,Manaus (Negro),2024-06-14,2683,2023-10-26,1270,1413,2023-06-14,2830,-147,14990000
Amazonas,Parintins (Amazonas),2024-06-14,704,2023-10-24,-217,921,2023-06-14,816,-112,16350002
Acre,Rio Branco (Acre),2024-06-14,200,2022-10-02,124,76,2022-06-14,722,-522,13600002
Negro,S. G. C. (Negro),2024-06-14,1045,1992-02-07,330,715,1992-06-14,858,187,14320001
Solimões,Tabatinga (Solimões),2024-06-14,843,2010-10-11,-86,929,2010-06-14,950,-107,10100000
Negro,S.I.N.Tapuruquara (Negro),2024-06-14,741,1980-03-13,28,713,1980-06-14,729,12,14400000
Negro,Barcelos (Negro),2024-06-07,742,1980-03-18,58,684,1980-06-07,696,46,14480002
Purus,Beruri (Purus),2024-06-07,1880,2023-10-25,397,1483,2023-06-07,2038,-158,13990000
Branco,Boa Vista (Branco),2024-06-07,662,2016-02-14,-565,7185,2016-06-07,374,288,14620000
Branco,Caracaraí (Branco),2024-06-07,759,1998-03-24,-10,769,1998-06-07,617,142,14710000
P. Careiro,Careiro (P. Careiro),2024-06-07,1439,2023-10-28,17,1422,2023-06-07,1597,-158,15040000
Solimões,Fonte Boa (Solimões),2024-06-07,2002,2010-10-22,802,1200,2010-06-07,2033,-31,12351000
Madeira,Humaitá (Madeira),2024-06-07,1387,2023-10-01,810,577,2023-06-07,1830,-443,15630000
Amazonas,Itacoatiara (Amazonas),2024-06-07,1231,2023-10-24,36,1195,2023-06-07,1376,-145,16030000
Solimões,Itapeuá (Solimões),2024-06-07,1465,2010-10-20,131,1334,2010-06-07,1548,-83,13150000
Solimões,Manacapuru (Solimões),2024-06-07,1755,2023-10-26,311,1444,2023-06-07,1907,-152,14100000
Negro,Manaus (Negro),2024-06-07,2666,2023-10-26,1270,1396,2023-06-07,2825,-159,14990000
Amazonas,Parintins (Amazonas),2024-06-07,706,2023-10-24,-217,923,2023-06-07,821,-115,16350002
Acre,Rio Branco (Acre),2024-06-05,235,2022-10-02,124,111,2022-06-05,300,-65,13600002
Negro,S. G. C. (Negro),2024-06-05,1027,1992-02-07,330,697,1992-06-04,887,140,14320001
Solimões,Tabatinga (Solimões),2024-06-06,954,2010-10-11,-86,1040,2010-06-06,1013,-59,10100000
Negro,S.I.N.Tapuruquara (Negro),2024-06-07,707,1980-03-13,28,679,1980-06-07,690,17,14400000
Negro,Barcelos (Negro),2024-05-31,685,1980-03-18,58,627,1980-05-31,659,26,14480002
Purus,Beruri (Purus),2024-05-31,1871,2023-10-25,397,1474,2023-05-31,2028,-157,13990000
Branco,Boa Vista (Branco),2024-05-31,497,2016-02-14,-56.5,553.5,2016-05-31,212,285,14620000
Branco,Caracaraí (Branco),2024-05-31,567,1998-03-24,-10,577,1998-05-31,500,67,14710000
P. Careiro,Careiro (P. Careiro),2024-05-31,1419,2023-10-28,17,1402,2023-05-31,1583,-164,15040000
Solimões,Fonte Boa (Solimões),2024-05-31,2000,2010-10-22,802,1198,2010-05-31,2035,-35,12351000
Madeira,Humaitá (Madeira),2024-05-31,1517,2023-10-01,810,707,2023-05-31,1879,-362,15630000
Amazonas,Itacoatiara (Amazonas),2024-05-31,1222,2023-10-24,36,1186,2023-05-31,1376,-154,16030000
Solimões,Itapeuá (Solimões),2024-05-31,1454,2010-10-20,131,1323,2010-05-31,1539,-85,13150000
Solimões,Manacapuru (Solimões),2024-05-31,1739,2023-10-26,311,1428,2023-05-31,1897,-158,14100000
Negro,Manaus (Negro),2024-05-31,2644,2023-10-26,1270,1374,2023-05-31,2812,-168,14990000
Amazonas,Parintins (Amazonas),2024-05-31,709,2023-10-24,-217,926,2023-05-31,824,-115,16350002
Acre,Rio Branco (Acre),2024-05-24,355,2022-10-02,124,231,2022-05-24,445,-90,13600002
Negro,S. G. C. (Negro),2024-05-24,1036,1992-02-07,330,706,1992-05-31,916,120,14320001
Solimões,Tabatinga (Solimões),2024-05-31,1009,2010-10-11,-86,1095,2010-05-31,1047,-38,10100000
Negro,S.I.N.Tapuruquara (Negro),2024-05-30,693,1980-03-13,28,665,1980-05-30,689,4,14400000
Negro,Barcelos (Negro),2024-05-24,610,1980-03-18,58,552,1980-05-24,612,-2,14480002
Purus,Beruri (Purus),2024-05-24,1859,2023-10-25,397,1462,2023-05-24,2015,-156,13990000
Branco,Boa Vista (Branco),2024-05-24,555,2016-02-14,-56.5,611.5,2016-05-24,196,359,14620000
Branco,Caracaraí (Branco),2024-05-24,664,1998-03-24,-10,674,1998-05-24,588,76,14710000
P. Careiro,Careiro (P. Careiro),2024-05-24,1399,2023-10-28,17,1382,2023-05-24,1571,-172,15040000
Solimões,Fonte Boa (Solimões),2024-05-24,1996,2010-10-22,802,1194,2010-05-24,2036,-40,12351000
Madeira,Humaitá (Madeira),2024-05-24,1725,2023-10-01,810,915,2023-05-24,1941,-216,15630000
Amazonas,Itacoatiara (Amazonas),2024-05-24,1209,2023-10-24,36,1173,2023-05-24,1373,-164,16030000
Solimões,Itapeuá (Solimões),2024-05-24,1443,2010-10-20,131,1312,2010-05-24,1523,-80,13150000
Solimões,Manacapuru (Solimões),2024-05-24,1723,2023-10-26,311,1412,2023-05-24,1883,-160,14100000
Negro,Manaus (Negro),2024-05-24,2618,2023-10-26,1270,1348,2023-05-24,2794,-176,14990000
Amazonas,Parintins (Amazonas),2024-05-24,698,2023-10-24,-217,915,2023-05-24,829,-131,16350002
Acre,Rio Branco (Acre),2024-05-24,355,2022-10-02,124,231,2022-05-24,445,-90,13600002
Negro,S. G. C. (Negro),2024-05-24,920,1992-02-07,330,590,1992-05-17,785,135,14320001
Solimões,Tabatinga (Solimões),2024-05-24,1025,2010-10-11,-86,1111,2010-05-24,1093,-68,10100000
Negro,S.I.N.Tapuruquara (Negro),2024-05-24,627,1980-03-13,28,599,1980-05-24,681,-54,14400000
Negro,Barcelos (Negro),2024-05-17,552,1980-03-18,58,494,1980-05-17,550,2,14480002
Purus,Beruri (Purus),2024-05-17,1846,2023-10-25,397,1449,2023-05-17,1996,-150,13990000
Branco,Boa Vista (Branco),2024-05-17,415,2016-02-14,-56.5,471.5,2016-05-17,328,87,14620000
Branco,Caracaraí (Branco),2024-05-17,586,1998-03-24,-10,596,1998-05-17,352,234,14710000
P. Careiro,Careiro (P. Careiro),2024-05-17,1374,2023-10-28,17,1357,2023-05-17,1552,-178,15040000
Solimões,Fonte Boa (Solimões),2024-05-17,1989,2010-10-22,802,1187,2010-05-17,2037,-48,12351000
Madeira,Humaitá (Madeira),2024-05-17,1734,2023-10-01,810,924,2023-05-17,2098,-364,15630000
Amazonas,Itacoatiara (Amazonas),2024-05-17,1202,2023-10-24,36,1166,2023-05-17,1363,-161,16030000
Solimões,Itapeuá (Solimões),2024-05-17,1433,2010-10-20,131,1302,2010-05-17,1511,-78,13150000
Solimões,Manacapuru (Solimões),2024-05-17,1703,2023-10-26,311,1392,2023-05-17,1864,-161,14100000
Negro,Manaus (Negro),2024-05-17,2589,2023-10-26,1270,1319,2023-05-17,2772,-183,14990000
Amazonas,Parintins (Amazonas),2024-05-12,685,2023-10-24,-217,902,2023-05-12,818,-133,16350002
Acre,Rio Branco (Acre),2024-05-17,291,2022-10-02,124,167,2022-05-17,356,-65,13600002
Negro,S. G. C. (Negro),2024-05-17,920,1992-02-07,330,590,1992-05-17,785,135,14320001
Solimões,Tabatinga (Solimões),2024-05-17,1023,2010-10-11,-86,1109,2010-05-17,1110,-87,10100000
Negro,S.I.N.Tapuruquara (Negro),2024-05-17,575,1980-03-13,28,547,1980-05-17,663,-88,14400000
Negro,Barcelos (Negro),2024-05-10,505,1980-03-18,58,447,1980-05-10,456,49,14480002
Purus,Beruri (Purus),2024-05-10,1830,2023-10-25,397,1433,2023-05-10,1970,-140,13990000
Branco,Boa Vista (Branco),2024-05-10,361,2016-02-14,-56.5,417.5,2016-05-10,265,96,14620000
Branco,Caracaraí (Branco),2024-05-10,386,1998-03-24,-10,396,1998-05-10,317,69,14710000
P. Careiro,Careiro (P. Careiro),2024-05-10,1356,2023-10-28,17,1339,2023-05-10,1531,-175,15040000
Solimões,Fonte Boa (Solimões),2024-05-10,1986,2010-10-22,802,1184,2010-05-10,2039,-53,12351000
Madeira,Humaitá (Madeira),2024-05-09,1800,2023-10-01,810,990,2023-05-09,2087,-287,15630000
Amazonas,Itacoatiara (Amazonas),2024-05-10,1192,2023-10-24,36,1156,2023-05-10,1350,-158,16030000
Solimões,Itapeuá (Solimões),2024-05-10,1421,2010-10-20,131,1290,2010-05-10,1493,-72,13150000
Solimões,Manacapuru (Solimões),2024-05-10,1684,2023-10-26,311,1373,2023-05-10,1841,-157,14100000
Negro,Manaus (Negro),2024-05-10,2570,2023-10-26,1270,1300,2023-05-10,2749,-179,14990000
Amazonas,Parintins (Amazonas),2024-05-02,668,2023-10-24,-217,885,2023-05-02,803,-135,16350002
Acre,Rio Branco (Acre),2024-05-10,389,2022-10-02,124,265,2022-05-10,399,-10,13600002
Negro,S. G. C. (Negro),2024-05-10,862,1992-02-07,330,532,1992-05-10,758,104,14320001
Solimões,Tabatinga (Solimões),2024-05-10,1009,2010-10-11,-86,1095,2010-05-10,1110,-101,10100000
Negro,S.I.N.Tapuruquara (Negro),2024-05-10,508,1980-03-13,28,480,1980-05-10,602,-94,14400000
Negro,Barcelos (Negro),2024-05-03,479,1980-03-18,58,421,1980-05-03,384,95,14480002
Purus,Beruri (Purus),2024-05-03,1807,2023-10-25,397,1410,2023-05-03,1939,-132,13990000
Branco,Boa Vista (Branco),2024-05-03,214,2016-02-14,-56.5,270.5,2016-05-03,283,-69,14620000
Branco,Caracaraí (Branco),2024-05-03,239,1998-03-24,-10,249,1998-05-03,258,-19,14710000
P. Careiro,Careiro (P. Careiro),2024-05-02,1329,2023-10-28,17,1312,2023-05-02,1497,-168,15040000
Solimões,Fonte Boa (Solimões),2024-05-03,1986,2010-10-22,802,1184,2010-05-03,2027,-41,12351000
Madeira,Humaitá (Madeira),2024-05-03,1893,2023-10-01,810,1083,2023-05-03,2212,-319,15630000
Amazonas,Itacoatiara (Amazonas),2024-05-03,1179,2023-10-24,36,1143,2023-05-03,1334,-155,16030000
Solimões,Itapeuá (Solimões),2024-05-03,1410,2010-10-20,131,1279,2010-05-03,1464,-54,13150000
Solimões,Manacapuru (Solimões),2024-05-03,1665,2023-10-26,311,1354,2023-05-03,1812,-147,14100000
Negro,Manaus (Negro),2024-05-03,2546,2023-10-26,1270,1276,2023-05-03,2719,-173,14990000
Amazonas,Parintins (Amazonas),2024-05-02,668,2023-10-24,-217,885,2023-05-02,803,-135,16350002
Acre,Rio Branco (Acre),2024-05-03,456,2022-10-02,124,332,2022-05-03,382,74,13600002
Negro,S. G. C. (Negro),2024-05-03,831,1992-02-07,330,501,1992-05-03,768,63,14320001
Solimões,Tabatinga (Solimões),2024-05-03,1024,2010-10-11,-86,1110,2010-05-03,1114,-90,10100000
Negro,S.I.N.Tapuruquara (Negro),2024-05-03,476,1980-03-13,28,448,1980-05-03,471,5,14400000
Negro,Barcelos (Negro),2024-04-26,447,1980-03-18,58,389,1980-04-26,318,129,14480002
Purus,Beruri (Purus),2024-04-26,1783,2023-10-25,397,1386,2023-04-26,1912,-129,13990000
Branco,Boa Vista (Branco),2024-04-26,61,2016-02-14,-56.5,117.5,2016-04-26,93,-32,14620000
Branco,Caracaraí (Branco),2024-04-26,98,1998-03-24,-10,108,1998-04-26,80,18,14710000
P. Careiro,Careiro (P. Careiro),2024-04-25,1298,2023-10-28,17,1281,2023-04-25,1473,-175,15040000
Solimões,Fonte Boa (Solimões),2024-04-26,1987,2010-10-22,802,1185,2010-04-26,2005,-18,12351000
Madeira,Humaitá (Madeira),2024-04-26,1985,2023-10-01,810,1175,2023-04-26,2248,-263,15630000
Amazonas,Itacoatiara (Amazonas),2024-04-26,1156,2023-10-24,36,1120,2023-04-26,1316,-160,16030000
Solimões,Itapeuá (Solimões),2024-04-26,1399,2010-10-20,131,1268,2010-04-26,1416,-17,13150000
Solimões,Manacapuru (Solimões),2024-04-26,1639,2023-10-26,311,1328,2023-04-26,1786,-147,14100000
Negro,Manaus (Negro),2024-04-26,2517,2023-10-26,1270,1247,2023-04-26,2693,-176,14990000
Amazonas,Parintins (Amazonas),2024-04-23,630,2023-10-24,-217,847,2023-04-23,784,-154,16350002
Acre,Rio Branco (Acre),2024-04-25,536,2022-10-02,124,412,2022-04-25,448,88,13600002
Negro,S. G. C. (Negro),2024-04-25,810,1992-02-07,330,480,1992-04-26,718,92,14320001
Solimões,Tabatinga (Solimões),2024-04-26,1009,2010-10-11,-86,1095,2010-04-26,1126,-117,10100000
Negro,S.I.N.Tapuruquara (Negro),2024-04-26,460,1980-03-13,28,432,1980-04-26,356,104,14400000
Negro,Barcelos (Negro),2024-04-19,428,1980-03-18,58,370,1980-04-19,358,70,14480002
Purus,Beruri (Purus),2024-04-19,1746,2023-10-25,397,1349,2023-04-19,1890,-144,13990000
Branco,Boa Vista (Branco),2024-04-19,-12,2016-02-14,-56.5,44.5,2016-04-19,21,-33,14620000
Branco,Caracaraí (Branco),2024-04-19,59,1998-03-24,-10,69,1998-04-19,152,-93,14710000
P. Careiro,Careiro (P. Careiro),2024-04-18,1254,2023-10-28,17,1237,2023-04-18,1444,-190,15040000
Solimões,Fonte Boa (Solimões),2024-04-19,1984,2010-10-22,802,1182,2010-04-19,1970,14,12351000
Madeira,Humaitá (Madeira),2024-04-19,2014,2023-10-01,810,1204,2023-04-19,2286,-272,15630000
Amazonas,Itacoatiara (Amazonas),2024-04-19,1120,2023-10-24,36,1084,2023-04-19,1292,-172,16030000
Solimões,Itapeuá (Solimões),2024-04-19,1380,2010-10-20,131,1249,2010-04-19,1377,3,13150000
Solimões,Manacapuru (Solimões),2024-04-19,1599,2023-10-26,311,1288,2023-04-19,1757,-158,14100000
Negro,Manaus (Negro),2024-04-19,2472,2023-10-26,1270,1202,2023-04-19,2662,-190,14990000
Amazonas,Parintins (Amazonas),2024-04-19,614,2023-10-24,-217,831,2023-04-19,784,-170,16350002
Acre,Rio Branco (Acre),2024-04-19,580,2022-10-02,124,456,2022-04-19,755,-175,13600002
Negro,S. G. C. (Negro),2024-04-19,771,1992-02-07,330,441,1992-04-19,729,42,14320001
Solimões,Tabatinga (Solimões),2024-04-19,1032,2010-10-11,-86,1118,2010-04-19,1108,-76,10100000
Negro,S.I.N.Tapuruquara (Negro),2024-04-19,427,1980-03-13,28,399,1980-04-19,341,86,14400000
Negro,Barcelos (Negro),2024-04-12,364,1980-03-18,58,306,1980-04-12,325,39,14480002
Purus,Beruri (Purus),2024-04-12,1711,2023-10-25,397,1314,2023-04-12,1857,-146,13990000
Branco,Boa Vista (Branco),2024-04-12,11,2016-02-14,-56.5,67.5,2016-04-12,32,-21,14620000
Branco,Caracaraí (Branco),2024-04-12,59,1998-03-24,-10,69,1998-04-12,14,45,14710000
P. Careiro,Careiro (P. Careiro),2024-04-12,1220,2023-10-28,17,1203,2023-04-12,1417,-197,15040000
Solimões,Fonte Boa (Solimões),2024-04-12,1989,2010-10-22,802,1187,2010-04-12,1933,56,12351000
Madeira,Humaitá (Madeira),2024-04-12,2057,2023-10-01,810,1247,2023-04-12,2301,-244,15630000
Amazonas,Itacoatiara (Amazonas),2024-04-12,1081,2023-10-24,36,1045,2023-04-12,1271,-190,16030000
Solimões,Itapeuá (Solimões),2024-04-12,1357,2010-10-20,131,1226,2010-04-12,1330,27,13150000
Solimões,Manacapuru (Solimões),2024-04-12,1563,2023-10-26,311,1252,2023-04-12,1727,-164,14100000
Negro,Manaus (Negro),2024-04-12,2430,2023-10-26,1270,1160,2023-04-12,2633,-203,14990000
Amazonas,Parintins (Amazonas),2024-04-12,582,2023-10-24,-217,799,2023-04-12,755,-173,16350002
Acre,Rio Branco (Acre),2024-04-12,609,2022-10-02,124,485,2022-04-12,890,-281,13600002
Negro,S. G. C. (Negro),2024-04-12,820,1992-02-07,330,490,1992-04-12,660,160,14320001
Solimões,Tabatinga (Solimões),2024-04-12,1031,2010-10-11,-86,1117,2010-04-12,1075,-44,10100000
Negro,S.I.N.Tapuruquara (Negro),2024-04-12,450,1980-03-13,28,422,1980-04-12,405,45,14400000
Negro,Barcelos (Negro),2024-04-05,317,1980-03-18,58,259,1980-04-05,243,74,14480002
Purus,Beruri (Purus),2024-04-05,1679,2023-10-25,397,1282,2023-04-05,1815,-136,13990000
Branco,Boa Vista (Branco),2024-04-05,-13,2016-02-14,-56.5,43.5,2016-04-05,33,-46,14620000
Branco,Caracaraí (Branco),2024-04-05,61,1998-03-24,-10,71,1998-04-05,-5,66,14710000
P. Careiro,Careiro (P. Careiro),2024-04-05,1181,2023-10-28,17,1164,2023-04-05,1395,-214,15040000
Solimões,Fonte Boa (Solimões),2024-04-05,1980,2010-10-22,802,1178,2010-04-05,1893,87,12351000
Madeira,Humaitá (Madeira),2024-03-31,2098,2023-10-01,810,1288,2023-03-31,2250,-152,15630000
Amazonas,Itacoatiara (Amazonas),2024-04-04,1050,2023-10-24,36,1014,2023-04-04,1244,-194,16030000
Solimões,Itapeuá (Solimões),2024-04-05,1328,2010-10-20,131,1197,2010-04-05,1286,42,13150000
Solimões,Manacapuru (Solimões),2024-04-05,1527,2023-10-26,311,1216,2023-04-05,1695,-168,14100000
Negro,Manaus (Negro),2024-04-05,2391,2023-10-26,1270,1121,2023-04-05,2610,-219,14990000
Amazonas,Parintins (Amazonas),2024-04-04,543,2023-10-24,-217,760,2023-04-04,735,-192,16350002
Acre,Rio Branco (Acre),2024-04-05,412,2022-10-02,124,288,2022-04-05,1338,-926,13600002
Negro,S. G. C. (Negro),2024-04-05,703,1992-02-07,330,373,1992-04-05,582,121,14320001
Solimões,Tabatinga (Solimões),2024-04-05,1039,2010-10-11,-86,1125,2010-04-05,1052,-13,10100000
Negro,S.I.N.Tapuruquara (Negro),2024-04-05,326,1980-03-13,28,298,1980-04-05,357,-31,14400000
Negro,Barcelos (Negro),2024-03-28,284,1980-03-18,58,226,1980-03-28,174,110,14480002
Purus,Beruri (Purus),2024-03-28,1637,2023-10-25,397,1240,2023-03-28,1756,-119,13990000
Branco,Boa Vista (Branco),2024-03-28,-30,2016-02-14,-56.5,26.5,2016-03-28,46,-76,14620000
Branco,Caracaraí (Branco),2024-03-28,32,1998-03-24,-10,42,1998-03-28,-10,42,14710000
P. Careiro,Careiro (P. Careiro),2024-03-28,1140,2023-10-28,17,1123,2023-03-28,1367,-227,15040000
Solimões,Fonte Boa (Solimões),2024-03-28,1961,2010-10-22,802,1159,2010-03-28,1871,90,12351000
Madeira,Humaitá (Madeira),2024-03-28,2068,2023-10-01,810,1258,2023-03-28,2210,-142,15630000
Amazonas,Itacoatiara (Amazonas),2024-03-28,1017,2023-10-24,36,981,2023-03-28,1218,-201,16030000
Solimões,Itapeuá (Solimões),2024-03-28,1288,2010-10-20,131,1157,2010-03-28,1247,41,13150000
Solimões,Manacapuru (Solimões),2024-03-28,1490,2023-10-26,311,1179,2023-03-28,1659,-169,14100000
Negro,Manaus (Negro),2024-03-28,2350,2023-10-26,1270,1080,2023-03-28,2587,-237,14990000
Amazonas,Parintins (Amazonas),2024-03-27,520,2023-10-24,-217,737,2023-03-27,706,-186,16350002
Acre,Rio Branco (Acre),2024-03-28,547,2022-10-02,124,423,2022-03-28,1520,-973,13600002
Negro,S. G. C. (Negro),2024-03-28,640,1992-02-07,330,310,1992-03-28,675,-35,14320001
Solimões,Tabatinga (Solimões),2024-03-28,1057,2010-10-11,-86,1143,2010-03-28,1027,30,10100000
Negro,S.I.N.Tapuruquara (Negro),2024-03-28,300,1980-03-13,28,272,1980-03-28,220,80,14400000
Negro,Barcelos (Negro),2024-03-22,256,1980-03-18,58,198,1980-03-22,98,158,14480002
Purus,Beruri (Purus),2024-03-22,1605,2023-10-25,397,1208,2023-03-22,1736,-131,13990000
Branco,Boa Vista (Branco),2024-03-22,-36,2016-02-14,-56.5,20.5,2016-03-22,38,-74,14620000
Branco,Caracaraí (Branco),2024-03-22,35,1998-03-24,-10,45,1998-03-22,-8,43,14710000
P. Careiro,Careiro (P. Careiro),2024-03-22,1107,2023-10-28,17,1090,2023-03-22,1346,-239,15040000
Solimões,Fonte Boa (Solimões),2024-03-22,1938,2010-10-22,802,1136,2010-03-22,1849,89,12351000
Madeira,Humaitá (Madeira),2024-03-22,2023,2023-10-01,810,1213,2023-03-22,2176,-153,15630000
Amazonas,Itacoatiara (Amazonas),2024-03-22,986,2023-10-24,36,950,2023-03-22,1192,-206,16030000
Solimões,Itapeuá (Solimões),2024-03-22,1259,2010-10-20,131,1128,2010-03-22,1231,28,13150000
Solimões,Manacapuru (Solimões),2024-03-22,1457,2023-10-26,311,1146,2023-03-22,1636,-179,14100000
Negro,Manaus (Negro),2024-03-22,2315,2023-10-26,1270,1045,2023-03-22,2567,-252,14990000
Amazonas,Parintins (Amazonas),2024-03-22,512,2023-10-24,-217,729,2023-03-22,685,-173,16350002
Acre,Rio Branco (Acre),2024-03-22,614,2022-10-02,124,490,2022-03-22,1206,-592,13600002
Negro,S. G. C. (Negro),2024-03-22,615,1992-02-07,330,285,1992-03-22,774,-159,14320001
Solimões,Tabatinga (Solimões),2024-03-22,1041,2010-10-11,-86,1127,2010-03-22,1021,20,10100000
Negro,S.I.N.Tapuruquara (Negro),2024-03-22,264,1980-03-13,28,236,1980-03-22,125,139,14400000
Negro,Barcelos (Negro),2024-03-15,241,1980-03-18,58,183,1980-03-15,70,171,14480002
Purus,Beruri (Purus),2024-03-15,1583,2023-10-25,397,1186,2023-03-15,1701,-118,13990000
Branco,Boa Vista (Branco),2024-03-15,-28,2016-02-14,-56.5,28.5,2016-03-15,40,-68,14620000
Branco,Caracaraí (Branco),2024-03-15,41,1998-03-24,-10,51,1998-03-15,-2,43,14710000
P. Careiro,Careiro (P. Careiro),2024-03-15,1078,2023-10-28,17,1061,2023-03-15,1320,-242,15040000
Solimões,Fonte Boa (Solimões),2024-03-15,1923,2010-10-22,802,1121,2010-03-15,1829,94,12351000
Madeira,Humaitá (Madeira),2024-03-15,2098,2023-10-01,810,1288,2023-03-15,2103,-5,15630000
Amazonas,Itacoatiara (Amazonas),2024-03-15,957,2023-10-24,36,921,2023-03-15,1165,-208,16030000
Solimões,Itapeuá (Solimões),2024-03-14,1244,2010-10-20,131,1113,2010-03-14,1204,40,13150000
Solimões,Manacapuru (Solimões),2024-03-15,1433,2023-10-26,311,1122,2023-03-15,1607,-174,14100000
Negro,Manaus (Negro),2024-03-15,2286,2023-10-26,1270,1016,2023-03-15,2545,-259,14990000
Amazonas,Parintins (Amazonas),2024-03-15,481,2023-10-24,-217,698,2023-03-15,663,-182,16350002
Acre,Rio Branco (Acre),2024-03-15,896,2022-10-02,124,772,2022-03-15,935,-39,13600002
Negro,S. G. C. (Negro),2024-03-15,545,1992-02-07,330,215,1992-03-08,696,-151,14320001
Solimões,Tabatinga (Solimões),2024-03-15,1023,2010-10-11,-86,1109,2010-03-15,974,49,10100000
Negro,S.I.N.Tapuruquara (Negro),2024-03-14,219,1980-03-13,28,191,1980-03-14,28,191,14400000
Negro,Barcelos (Negro),2024-03-08,244,1980-03-18,58,186,1980-03-08,88,156,14480002
Purus,Beruri (Purus),2024-03-08,1561,2010-10-25,518,1043,2010-03-08,1593,-32,13990000
Branco,Boa Vista (Branco),2024-03-08,-18,2016-02-14,-57,39,2016-03-08,-16,-2,14620000
Branco,Caracaraí (Branco),2024-03-08,46,1998-03-24,-10,56,1998-03-08,4,42,14710000
P. Careiro,Careiro (P. Careiro),2024-03-07,1050,2010-10-25,125,925,2010-03-07,1121,-71,15040000
Solimões,Fonte Boa (Solimões),2024-03-08,1925,2010-10-17,802,1123,2010-03-08,1829,96,12351000
Madeira,Humaitá (Madeira),2024-03-05,2124,1969-10-01,833,1291,1969-03-05,1956,168,15630000
Amazonas,Itacoatiara (Amazonas),2024-03-08,926,2010-10-24,91,835,2010-03-08,1017,-91,16030000
Solimões,Itapeuá (Solimões),2024-03-08,1236,2010-10-20,131,1105,2010-03-08,1198,38,13150000
Solimões,Manacapuru (Solimões),2024-03-08,1411,2010-10-26,392,1019,2010-03-08,1394,17,14100000
Negro,Manaus (Negro),2024-03-08,2262,2010-10-24,1363,899,2010-03-08,2332,-70,14990000
Amazonas,Parintins (Amazonas),2024-03-05,440,2010-10-24,-186,626,2010-03-05,536,-96,16350002
Acre,Rio Branco (Acre),2024-03-08,1724,2022-10-02,124,1600,2022-03-08,919,805,13600002
Negro,S. G. C. (Negro),2024-03-08,545,1992-02-07,330,215,1992-03-08,696,-151,14320001
Solimões,Tabatinga (Solimões),2024-03-08,1001,2010-10-11,-86,1087,2010-03-08,940,61,10100000
Negro,S.I.N.Tapuruquara (Negro),2024-03-01,235,1980-03-13,28,207,1980-03-01,93,142,14400000
Negro,Barcelos (Negro),2024-03-01,284,1980-03-18,58,226,1980-03-01,123,161,14480002
Purus,Beruri (Purus),2024-03-01,1528,2010-10-25,518,1010,2010-03-01,1580,-52,13990000
Branco,Boa Vista (Branco),2024-03-01,-15,2016-02-14,-57,42,2016-03-01,-16,1,14620000
Branco,Caracaraí (Branco),2024-03-01,48,1998-03-24,-10,58,1998-03-01,25,23,14710000
P. Careiro,Careiro (P. Careiro),2024-02-29,1006,2010-10-25,125,881,NA,1101,-95,15040000
Solimões,Fonte Boa (Solimões),2024-03-01,1909,2010-10-17,802,1107,2010-03-01,1839,70,12351000
Madeira,Humaitá (Madeira),2024-02-23,1937,1969-10-01,833,1104,1969-02-23,1975,-38,15630000
Amazonas,Itacoatiara (Amazonas),2024-03-01,894,2010-10-24,91,803,2010-03-01,998,-104,16030000
Solimões,Itapeuá (Solimões),2024-03-01,1227,2010-10-20,131,1096,2010-03-01,1189,38,13150000
Solimões,Manacapuru (Solimões),2024-03-01,1378,2010-10-26,392,986,2010-03-01,1372,6,14100000
Negro,Manaus (Negro),2024-03-01,2227,2010-10-24,1363,864,2010-03-01,2310,-83,14990000
Amazonas,Parintins (Amazonas),2024-02-29,414,2010-10-24,-186,600,NA,519,-105,16350002
Acre,Rio Branco (Acre),2024-03-01,1722,2022-10-02,124,1598,2022-03-01,1190,532,13600002
Negro,S. G. C. (Negro),2024-03-01,533,1992-02-07,330,203,1992-03-01,573,-40,14320001
Solimões,Tabatinga (Solimões),2024-03-01,1040,2010-10-11,-86,1126,2010-03-01,959,81,10100000
Negro,S.I.N.Tapuruquara (Negro),2024-03-01,235,1980-03-13,28,207,1980-03-01,93,142,14400000
Negro,Barcelos (Negro),2024-02-28,6,1980-03-18,58,-52,1980-02-28,127,-121,14480002
Purus,Beruri (Purus),2024-02-23,1500,2010-10-25,518,982,2010-02-23,1549,-49,13990000
Branco,Boa Vista (Branco),2024-02-23,-5,2016-02-14,-57,52,2016-02-23,-28,23,14620000
Branco,Caracaraí (Branco),2024-02-23,56,1998-03-24,-10,66,1998-02-23,73,-17,14710000
P. Careiro,Careiro (P. Careiro),2024-02-23,973,2010-10-25,125,848,2010-02-23,1076,-103,15040000
Solimões,Fonte Boa (Solimões),2024-02-23,1878,2010-10-17,802,1076,2010-02-23,1851,27,12351000
Madeira,Humaitá (Madeira),2024-02-23,1937,1969-10-01,833,1104,1969-02-23,1975,-38,15630000
Amazonas,Itacoatiara (Amazonas),2024-02-23,861,2010-10-24,91,770,2010-02-23,977,-116,16030000
Solimões,Itapeuá (Solimões),2024-02-23,1182,2010-10-20,131,1051,2010-02-23,1172,10,13150000
Solimões,Manacapuru (Solimões),2024-02-23,1350,2010-10-26,392,958,2010-02-23,1349,1,14100000
Negro,Manaus (Negro),2024-02-23,2194,2010-10-24,1363,831,2010-02-23,2287,-93,14990000
Amazonas,Parintins (Amazonas),2024-02-23,405,2010-10-24,-186,591,2010-02-23,507,-102,16350002
Acre,Rio Branco (Acre),2024-02-22,920,2022-10-02,124,796,2022-02-22,1388,-468,13600002
Negro,S. G. C. (Negro),2024-02-22,696,1992-02-07,330,366,1992-02-21,378,318,14320001
Solimões,Tabatinga (Solimões),2024-02-23,1031,2010-10-11,-86,1117,2010-02-23,970,61,10100000
Negro,S.I.N.Tapuruquara (Negro),2024-02-16,249,1980-03-13,28,221,1980-02-16,162,87,14400000
Negro,Barcelos (Negro),2024-02-16,250,1980-03-18,58,192,1980-02-16,184,66,14480002
Purus,Beruri (Purus),2024-02-15,1510,2010-10-25,518,992,2010-02-15,1514,-4,13990000
Branco,Boa Vista (Branco),2024-02-16,-1,2016-02-14,-57,56,2016-02-16,-24,23,14620000
Branco,Caracaraí (Branco),2024-02-16,66,1998-03-24,-10,76,1998-02-16,4,62,14710000
P. Careiro,Careiro (P. Careiro),2024-02-14,951,2010-10-25,125,826,2010-02-14,1036,-85,15040000
Solimões,Fonte Boa (Solimões),2024-02-16,1852,2010-10-17,802,1050,2010-02-16,1827,25,12351000
Madeira,Humaitá (Madeira),2024-02-16,1740,1969-10-01,833,907,1969-02-16,1941,-201,15630000
Amazonas,Itacoatiara (Amazonas),2024-02-16,842,2010-10-24,91,751,2010-02-16,957,-115,16030000
Solimões,Itapeuá (Solimões),2024-02-15,1164,2010-10-20,131,1033,2010-02-15,1127,37,13150000
Solimões,Manacapuru (Solimões),2024-02-16,1339,2010-10-26,392,947,2010-02-16,1322,17,14100000
Negro,Manaus (Negro),2024-02-16,2180,2010-10-24,1363,817,2010-02-16,2260,-80,14990000
Amazonas,Parintins (Amazonas),2024-02-15,376,2010-10-24,-186,562,2010-02-15,483,-107,16350002
Acre,Rio Branco (Acre),2024-02-15,706,2022-10-02,124,582,2022-02-15,1018,-312,13600002
Negro,S. G. C. (Negro),2024-02-15,638,1992-02-07,330,308,1992-02-15,392,246,14320001
Solimões,Tabatinga (Solimões),2024-02-16,984,2010-10-11,-86,1070,2010-02-16,976,8,10100000
Negro,S.I.N.Tapuruquara (Negro),2024-02-16,249,1980-03-13,28,221,1980-02-16,162,87,14400000
Negro,Barcelos (Negro),2024-02-09,262,1980-03-18,58,204,1980-02-09,191,71,14480002
Purus,Beruri (Purus),2024-02-09,1492,2010-10-25,518,974,2010-02-09,1479,13,13990000
Branco,Boa Vista (Branco),2024-02-09,13,2016-02-14,-57,70,2016-02-09,-56,69,14620000
Branco,Caracaraí (Branco),2024-02-09,68,1998-03-24,-10,78,1998-02-09,8,60,14710000
P. Careiro,Careiro (P. Careiro),2024-02-08,932,2010-10-25,125,807,2010-02-08,1006,-74,15040000
Solimões,Fonte Boa (Solimões),2024-02-09,1858,2010-10-17,802,1056,2010-02-09,1773,85,12351000
Madeira,Humaitá (Madeira),2024-02-09,1818,1969-10-01,833,985,1969-02-09,1864,-46,15630000
Amazonas,Itacoatiara (Amazonas),2024-02-08,809,2010-10-24,91,718,2010-02-08,921,-112,16030000
Solimões,Itapeuá (Solimões),2024-02-09,1161,2010-10-20,131,1030,2010-02-09,1092,69,13150000
Solimões,Manacapuru (Solimões),2024-02-09,1319,2010-10-26,392,927,2010-02-09,1284,35,14100000
Negro,Manaus (Negro),2024-02-09,2157,2010-10-24,1363,794,2010-02-09,2222,-65,14990000
Amazonas,Parintins (Amazonas),2024-02-08,338,2010-10-24,-186,524,2010-02-08,455,-117,16350002
Acre,Rio Branco (Acre),2024-02-08,796,2022-10-02,124,672,2022-02-08,965,-169,13600002
Negro,S. G. C. (Negro),2024-02-08,535,1992-02-07,330,205,1992-02-06,332,203,14320001
Solimões,Tabatinga (Solimões),2024-02-09,938,2010-10-11,-86,1024,2010-02-09,905,33,10100000
Negro,S.I.N.Tapuruquara (Negro),2024-02-09,226,1980-03-13,28,198,1980-02-09,208,18,14400000
Negro,Barcelos (Negro),2024-02-02,297,1980-03-18,58,239,1980-02-02,190,107,14480002
Purus,Beruri (Purus),2024-02-02,1474,2010-10-25,518,956,2010-02-02,1460,14,13990000
Branco,Boa Vista (Branco),2024-02-02,15,2016-02-14,-57,72,2016-02-02,-54,69,14620000
Branco,Caracaraí (Branco),2024-02-02,83,1998-03-24,-10,93,1998-02-02,16,67,14710000
P. Careiro,Careiro (P. Careiro),2024-01-30,893,2010-10-25,125,768,2010-01-30,967,-74,15040000
Solimões,Fonte Boa (Solimões),2024-02-02,1869,2010-10-17,802,1067,2010-02-02,1732,137,12351000
Madeira,Humaitá (Madeira),2024-02-02,1808,1969-10-01,833,975,1969-02-02,1904,-96,15630000
Amazonas,Itacoatiara (Amazonas),2024-02-02,778,2010-10-24,91,687,2010-02-02,886,-108,16030000
Solimões,Itapeuá (Solimões),2024-02-02,1160,2010-10-20,131,1029,2010-02-02,1084,76,13150000
Solimões,Manacapuru (Solimões),2024-02-02,1294,2010-10-26,392,902,2010-02-02,1252,42,14100000
Negro,Manaus (Negro),2024-02-02,2128,2010-10-24,1363,765,2010-02-02,2190,-62,14990000
Amazonas,Parintins (Amazonas),2024-02-02,313,2010-10-24,-186,499,2010-02-02,429,-116,16350002
Acre,Rio Branco (Acre),2024-01-24,825,2022-10-02,124,701,2022-01-24,654,171,13600002
Negro,S. G. C. (Negro),2024-01-24,609,1992-02-07,330,279,1992-01-30,419,190,14320001
Solimões,Tabatinga (Solimões),2024-02-02,957,2010-10-11,-86,1043,2010-02-02,810,147,10100000
Negro,S.I.N.Tapuruquara (Negro),2024-02-02,274,1980-03-13,28,246,1980-02-02,199,75,14400000
Negro,Barcelos (Negro),2024-01-26,307,1980-03-18,58,249,1980-01-26,206,101,14480002
Purus,Beruri (Purus),2024-01-26,1443,2010-10-25,518,925,2010-01-26,1424,19,13990000
Branco,Boa Vista (Branco),2024-01-26,39,2016-02-14,-57,96,2016-01-26,-43,82,14620000
Branco,Caracaraí (Branco),2024-01-26,93,1998-03-24,-10,103,1998-01-26,25,68,14710000
P. Careiro,Careiro (P. Careiro),2024-01-25,872,2010-10-25,125,747,2010-01-25,955,-83,15040000
Solimões,Fonte Boa (Solimões),2024-01-26,1867,2010-10-17,802,1065,2010-01-26,1758,109,12351000
Madeira,Humaitá (Madeira),2024-01-26,1783,1969-10-01,833,950,1969-01-26,1897,-114,15630000
Amazonas,Itacoatiara (Amazonas),2024-01-26,740,2010-10-24,91,649,2010-01-26,848,-108,16030000
Solimões,Itapeuá (Solimões),2024-01-26,1148,2010-10-20,131,1017,2010-01-26,1095,53,13150000
Solimões,Manacapuru (Solimões),2024-01-26,1265,2010-10-26,392,873,2010-01-26,1221,44,14100000
Negro,Manaus (Negro),2024-01-26,2095,2010-10-24,1363,732,2010-01-26,2159,-64,14990000
Amazonas,Parintins (Amazonas),2024-01-25,289,2010-10-24,-186,475,2010-01-25,387,-98,16350002
Acre,Rio Branco (Acre),2024-01-24,825,2022-10-02,124,701,2022-01-24,654,171,13600002
Negro,S. G. C. (Negro),2024-01-24,656,1992-02-07,330,326,1992-01-22,583,73,14320001
Solimões,Tabatinga (Solimões),2024-01-26,947,2010-10-11,-86,1033,2010-01-26,795,152,10100000
Negro,S.I.N.Tapuruquara (Negro),2024-01-26,310,1980-03-13,28,282,1980-01-26,195,115,14400000
Negro,Barcelos (Negro),2024-01-19,315,1980-03-18,58,257,1980-01-19,259,56,14480002
Purus,Beruri (Purus),2024-01-19,1405,2010-10-25,518,887,2010-01-19,1378,27,13990000
Branco,Boa Vista (Branco),2024-01-19,48,2016-02-14,-57,105,2016-01-19,-30,78,14620000
Branco,Caracaraí (Branco),2024-01-19,102,1998-03-24,-10,112,1998-01-19,44,58,14710000
P. Careiro,Careiro (P. Careiro),2024-01-17,831,2010-10-25,125,706,2010-01-17,928,-97,15040000
Solimões,Fonte Boa (Solimões),2024-01-01,1738,2010-10-17,802,936,2010-01-01,1813,-75,12351000
Madeira,Humaitá (Madeira),2024-01-19,1550,1969-10-01,833,717,1969-01-19,1832,-282,15630000
Amazonas,Itacoatiara (Amazonas),2024-01-19,712,2010-10-24,91,621,2010-01-19,813,-101,16030000
Solimões,Itapeuá (Solimões),2024-01-19,1127,2010-10-20,131,996,2010-01-19,1102,25,13150000
Solimões,Manacapuru (Solimões),2024-01-19,1230,2010-10-26,392,838,2010-01-19,1196,34,14100000
Negro,Manaus (Negro),2024-01-19,2065,2010-10-24,1363,702,2010-01-19,2134,-69,14990000
Amazonas,Parintins (Amazonas),2024-01-18,254,2010-10-24,-186,440,2010-01-18,353,-99,16350002
Acre,Rio Branco (Acre),2024-01-15,680,2022-10-02,124,556,2022-01-15,548,132,13600002
Negro,S. G. C. (Negro),2024-01-15,638,1992-02-07,330,308,1992-01-19,609,29,14320001
Solimões,Tabatinga (Solimões),2024-01-19,936,2010-10-11,-86,1022,2010-01-19,860,76,10100000
Negro,S.I.N.Tapuruquara (Negro),2024-01-15,314,1980-03-13,28,286,1980-01-15,282,32,14400000
Negro,Barcelos (Negro),2024-01-12,347,1980-03-18,58,289,1980-01-12,295,52,14480002
Purus,Beruri (Purus),2024-01-12,1340,2010-10-25,518,822,2010-01-12,1342,-2,13990000
Branco,Boa Vista (Branco),2024-01-12,75,2016-02-14,-57,132,2016-01-12,-8,83,14620000
Branco,Caracaraí (Branco),2024-01-12,159,1998-03-24,-10,169,1998-01-12,63,96,14710000
P. Careiro,Careiro (P. Careiro),2024-01-10,749,2010-10-25,125,624,2010-01-10,897,-148,15040000
Solimões,Fonte Boa (Solimões),2024-01-01,1738,2010-10-17,802,936,2010-01-01,1813,-75,12351000
Madeira,Humaitá (Madeira),2024-01-12,1605,1969-10-01,833,772,1969-01-12,1775,-170,15630000
Amazonas,Itacoatiara (Amazonas),2024-01-12,643,2010-10-24,91,552,2010-01-12,780,-137,16030000
Solimões,Itapeuá (Solimões),2024-01-12,1075,2010-10-20,131,944,2010-01-12,1091,-16,13150000
Solimões,Manacapuru (Solimões),2024-01-12,1166,2010-10-26,392,774,2010-01-12,1166,0,14100000
Negro,Manaus (Negro),2024-01-12,1997,2010-10-24,1363,634,2010-01-12,2104,-107,14990000
Amazonas,Parintins (Amazonas),2024-01-11,192,2010-10-24,-186,378,2010-01-11,319,-127,16350002
Acre,Rio Branco (Acre),2024-01-10,1130,2022-10-02,124,1006,2022-01-10,651,479,13600002
Negro,S. G. C. (Negro),2024-01-10,628,1992-02-07,330,298,1992-01-12,632,-4,14320001
Solimões,Tabatinga (Solimões),2024-01-12,964,2010-10-11,-86,1050,2010-01-12,1002,-38,10100000
Negro,S.I.N.Tapuruquara (Negro),2024-01-07,389,1980-03-13,28,361,1980-01-07,323,66,14400000
Negro,Barcelos (Negro),2024-01-05,341,1980-03-18,58,283,1980-01-05,309,32,14480002
Purus,Beruri (Purus),2024-01-05,1263,2010-10-25,518,745,2010-01-05,1325,-62,13990000
Branco,Boa Vista (Branco),2024-01-05,82,2016-02-14,-57,139,2016-01-05,16,66,14620000
Branco,Caracaraí (Branco),2024-01-05,129,1998-03-24,-10,139,1998-01-05,47,82,14710000
P. Careiro,Careiro (P. Careiro),2024-01-05,701,2010-10-25,125,576,2010-01-05,856,-155,15040000
Solimões,Fonte Boa (Solimões),2024-01-01,1738,2010-10-17,802,936,2010-01-01,1813,-75,12351000
Madeira,Humaitá (Madeira),2024-01-05,1506,1969-10-01,833,673,1969-01-05,1747,-241,15630000
Amazonas,Itacoatiara (Amazonas),2024-01-05,576,2010-10-24,91,485,2010-01-05,731,-155,16030000
Solimões,Itapeuá (Solimões),2024-01-05,1009,2010-10-20,131,878,2010-01-05,1050,-41,13150000
Solimões,Manacapuru (Solimões),2024-01-05,1096,2010-10-26,392,704,2010-01-05,1171,-75,14100000
Negro,Manaus (Negro),2024-01-05,1926,2010-10-24,1363,563,2010-01-05,2054,-128,14990000
Amazonas,Parintins (Amazonas),2024-01-04,138,2010-10-24,-186,324,2010-01-04,275,-137,16350002
Acre,Rio Branco (Acre),2024-01-01,765,2022-10-02,124,641,2022-01-01,1114,-349,13600002
Negro,S. G. C. (Negro),2024-01-01,722,1992-02-07,330,392,1992-01-05,562,160,14320001
Solimões,Tabatinga (Solimões),2024-01-05,964,2010-10-11,-86,1050,2010-01-05,1055,-91,10100000
Negro,S.I.N.Tapuruquara (Negro),2024-01-02,382,1980-03-13,28,354,1980-01-02,326,56,14400000
