<?xml version="1.0" encoding="UTF-8"?>
<metadata xml:lang="pt"><Esri><CreaDate>20230621</CreaDate><CreaTime>14394800</CreaTime><ArcGISFormat>1.0</ArcGISFormat><SyncOnce>FALSE</SyncOnce><DataProperties><lineage><Process ToolSource="c:\program files (x86)\arcgis\desktop10.3\ArcToolbox\Toolboxes\Data Management Tools.tbx\CalculateField" Date="20180607" Time="154351">CalculateField País País "BR" VB #</Process><Process ToolSource="c:\program files (x86)\arcgis\desktop10.3\ArcToolbox\Toolboxes\Data Management Tools.tbx\CalculateField" Date="20180607" Time="154427">CalculateField País Nombre "Brasil" VB #</Process><Process ToolSource="c:\program files (x86)\arcgis\desktop10.3\ArcToolbox\Toolboxes\Data Management Tools.tbx\CalculateField" Date="20180607" Time="154649">CalculateField País Población "207660929" VB #</Process><Process ToolSource="c:\program files (x86)\arcgis\desktop10.2\ArcToolbox\Toolboxes\Data Management Tools.tbx\FeatureToPolygon" Date="20180615" Time="101331">FeatureToPolygon D:\Marta\GTOD\Revisao_Limites\LIMITE_MIAS_BC250_REVISADO\Pais.shp D:\Marta\GTOD\Revisao_Limites\LIMITE_MIAS_BC250_REVISADO\Limite_Mias_BC250_REV20180614.gdb\topo_lm\Pais_A_20180614 # ATTRIBUTES #</Process><Process Name="Add Field (4)" ToolSource="c:\program files (x86)\arcgis\desktop10.3\ArcToolbox\Toolboxes\Data Management Tools.tbx\AddField" Date="20180627" Time="095500">AddField Pais_A_20180614 DIFERENCA TEXT # # 50 # NULLABLE NON_REQUIRED #</Process><Process Name="Add Field (4)" ToolSource="c:\program files (x86)\arcgis\desktop10.3\ArcToolbox\Toolboxes\Data Management Tools.tbx\AddField" Date="20180627" Time="115035">AddField Pais_A_20180614 DIFERENCA TEXT # # 50 # NULLABLE NON_REQUIRED #</Process><Process ToolSource="c:\program files (x86)\arcgis\desktop10.3\ArcToolbox\Toolboxes\Data Management Tools.tbx\CopyFeatures" Date="20190823" Time="072729">CopyFeatures "E:\Andre\BDIA_VEG_Revisado_240719\Nova pasta\LM_Brasil_Sirgas_20180614.shp" "E:\Andre\BDIA_VEG_Revisado_240719\Nova pasta\230819.gdb\Temp_1\LM_Brasil_Sirgas_20180614" # 0 0 0</Process><Process ToolSource="c:\program files (x86)\arcgis\desktop10.3\ArcToolbox\Toolboxes\Data Management Tools.tbx\DeleteField" Date="20190828" Time="094317">DeleteField "E:\Andre\BDIA_VEG_Revisado_240719\Nova pasta\Unir.gdb\Temp\LM_Brasil_Sirgas_20180614" OBJECTID;DIFERENCA;Shape_Leng</Process><Process Name="Copy Features" ToolSource="c:\program files (x86)\arcgis\desktop10.3\ArcToolbox\Toolboxes\Data Management Tools.tbx\CopyFeatures" Date="20190828" Time="104124">CopyFeatures LM_Brasil_Sirgas_20180614_Lax "E:\Andre\BDIA_VEG_Revisado_240719\Nova pasta\Unir.gdb\Temp\Trr" # 0 0 0</Process><Process Name="Union (2)" ToolSource="c:\program files (x86)\arcgis\desktop10.3\ArcToolbox\Toolboxes\Analysis Tools.tbx\Union" Date="20190828" Time="104141">Union "'E:\Andre\BDIA_VEG_Revisado_240719\Nova pasta\Unir.gdb\Temp\Trr' #;'E:\Andre\BDIA_VEG_Revisado_240719\Nova pasta\Unir.gdb\Temp\BiomaG' #" "E:\Andre\BDIA_VEG_Revisado_240719\Nova pasta\Unir.gdb\Temp\Union" ALL # NO_GAPS</Process><Process Name="Multipart To Singlepart (2)" ToolSource="c:\program files (x86)\arcgis\desktop10.3\ArcToolbox\Toolboxes\Data Management Tools.tbx\MultipartToSinglepart" Date="20190828" Time="104146">MultipartToSinglepart "E:\Andre\BDIA_VEG_Revisado_240719\Nova pasta\Unir.gdb\Temp\Union" "E:\Andre\BDIA_VEG_Revisado_240719\Nova pasta\Unir.gdb\Temp\Unionsp"</Process><Process Name="Copy Features (3)" ToolSource="c:\program files (x86)\arcgis\desktop10.3\ArcToolbox\Toolboxes\Data Management Tools.tbx\CopyFeatures" Date="20190828" Time="104151">CopyFeatures Unionsp_Layer "E:\Andre\BDIA_VEG_Revisado_240719\Nova pasta\Unir.gdb\Temp\Trr2" # 0 0 0</Process><Process Name="Eliminate" ToolSource="c:\program files (x86)\arcgis\desktop10.3\ArcToolbox\Toolboxes\Data Management Tools.tbx\Eliminate" Date="20190828" Time="104215">Eliminate Trr2_Layer1 "E:\Andre\BDIA_VEG_Revisado_240719\Nova pasta\Unir.gdb\Temp\Unione" LENGTH # #</Process><Process Name="Dissolve" ToolSource="c:\program files (x86)\arcgis\desktop10.3\ArcToolbox\Toolboxes\Data Management Tools.tbx\Dissolve" Date="20190828" Time="104219">Dissolve "E:\Andre\BDIA_VEG_Revisado_240719\Nova pasta\Unir.gdb\Temp\Unione" "E:\Andre\BDIA_VEG_Revisado_240719\Nova pasta\Unir.gdb\Temp\UnionFinal_Dissolve" Bioma # SINGLE_PART DISSOLVE_LINES</Process><Process Name="Merge" ToolSource="c:\program files (x86)\arcgis\desktop10.3\ArcToolbox\Toolboxes\Data Management Tools.tbx\Merge" Date="20190828" Time="104224">Merge 'E:\Andre\BDIA_VEG_Revisado_240719\Nova pasta\Unir.gdb\Temp\UnionFinal_Dissolve';'E:\Andre\BDIA_VEG_Revisado_240719\Nova pasta\Unir.gdb\Temp\BioIlha' "E:\Andre\BDIA_VEG_Revisado_240719\Nova pasta\Unir.gdb\Temp\BiomaGF" "Bioma "Bioma" true true false 255 Text 0 0 ,First,#,E:\Andre\BDIA_VEG_Revisado_240719\Nova pasta\Unir.gdb\Temp\UnionFinal_Dissolve,Bioma,-1,-1,E:\Andre\BDIA_VEG_Revisado_240719\Nova pasta\Unir.gdb\Temp\BioIlha,Bioma,-1,-1;Shape_Length "Shape_Length" false true true 8 Double 0 0 ,First,#,E:\Andre\BDIA_VEG_Revisado_240719\Nova pasta\Unir.gdb\Temp\UnionFinal_Dissolve,Shape_Length,-1,-1,E:\Andre\BDIA_VEG_Revisado_240719\Nova pasta\Unir.gdb\Temp\BioIlha,Shape_Length,-1,-1;Shape_Area "Shape_Area" false true true 8 Double 0 0 ,First,#,E:\Andre\BDIA_VEG_Revisado_240719\Nova pasta\Unir.gdb\Temp\UnionFinal_Dissolve,Shape_Area,-1,-1,E:\Andre\BDIA_VEG_Revisado_240719\Nova pasta\Unir.gdb\Temp\BioIlha,Shape_Area,-1,-1"</Process><Process Name="Add Field (2)" ToolSource="c:\program files (x86)\arcgis\desktop10.3\ArcToolbox\Toolboxes\Data Management Tools.tbx\AddField" Date="20190828" Time="104225">AddField "E:\Andre\BDIA_VEG_Revisado_240719\Nova pasta\Unir.gdb\Temp\BiomaGF" Vex FLOAT # # # # NULLABLE NON_REQUIRED #</Process><Process Name="Calculate Field (3)" ToolSource="c:\program files (x86)\arcgis\desktop10.3\ArcToolbox\Toolboxes\Data Management Tools.tbx\CalculateField" Date="20190828" Time="104225">CalculateField "E:\Andre\BDIA_VEG_Revisado_240719\Nova pasta\Unir.gdb\Temp\BiomaGF" Vex !shape!.pointcount PYTHON_9.3 #</Process><Process ToolSource="c:\program files (x86)\arcgis\desktop10.3\ArcToolbox\Toolboxes\Conversion Tools.tbx\FeatureClassToFeatureClass" Date="20190828" Time="104525">FeatureClassToFeatureClass "E:\Andre\BDIA_VEG_Revisado_240719\Nova pasta\Unir.gdb\Temp\BiomaGF" "E:\Andre\BDIA_VEG_Revisado_240719\Nova pasta" BioGF.shp # "Bioma "Bioma" true true false 255 Text 0 0 ,First,#,E:\Andre\BDIA_VEG_Revisado_240719\Nova pasta\Unir.gdb\Temp\BiomaGF,Bioma,-1,-1;Shape_Leng "Shape_Leng" false true true 8 Double 0 0 ,First,#,E:\Andre\BDIA_VEG_Revisado_240719\Nova pasta\Unir.gdb\Temp\BiomaGF,Shape_Length,-1,-1;Shape_Area "Shape_Area" false true true 8 Double 0 0 ,First,#,E:\Andre\BDIA_VEG_Revisado_240719\Nova pasta\Unir.gdb\Temp\BiomaGF,Shape_Area,-1,-1;Vex "Vex" true true false 4 Float 0 0 ,First,#,E:\Andre\BDIA_VEG_Revisado_240719\Nova pasta\Unir.gdb\Temp\BiomaGF,Vex,-1,-1" #</Process><Process ToolSource="c:\program files (x86)\arcgis\desktop10.3\ArcToolbox\Toolboxes\Data Management Tools.tbx\CalculateField" Date="20190930" Time="150911">CalculateField lm_bioma_250 Area_km_1 [area_km] VB #</Process><Process ToolSource="c:\program files (x86)\arcgis\desktop10.3\ArcToolbox\Toolboxes\Data Management Tools.tbx\CalculateField" Date="20190930" Time="150941">CalculateField lm_bioma_250 Area_km [Area_km] VB #</Process><Process ToolSource="c:\program files (x86)\arcgis\desktop10.3\ArcToolbox\Toolboxes\Data Management Tools.tbx\CalculateField" Date="20190930" Time="150954">CalculateField lm_bioma_250 Area_km [Area_km_1] VB #</Process><Process ToolSource="c:\program files (x86)\arcgis\desktop10.5\ArcToolbox\Toolboxes\Analysis Tools.tbx\Union" Date="20230405" Time="103651">Union "lm_bioma_250 #;CNFP_v2 #" C:\Geo\CNFP\CNFP_v3.shp ALL # GAPS</Process><Process ToolSource="c:\program files (x86)\arcgis\desktop10.5\ArcToolbox\Toolboxes\Data Management Tools.tbx\DeleteField" Date="20230405" Time="105451">DeleteField CNFP_v3 FID_lm_bio;FID_CNFP_v;bioma_1</Process><Process ToolSource="c:\program files (x86)\arcgis\desktop10.5\ArcToolbox\Toolboxes\Data Management Tools.tbx\CalculateField" Date="20230405" Time="152344">CalculateField CNFP_v3 categoria APA VB #</Process><Process ToolSource="c:\program files (x86)\arcgis\desktop10.5\ArcToolbox\Toolboxes\Data Management Tools.tbx\CalculateField" Date="20230405" Time="152423">CalculateField CNFP_v3 categoria APA VB #</Process><Process ToolSource="c:\program files (x86)\arcgis\desktop10.5\ArcToolbox\Toolboxes\Data Management Tools.tbx\CalculateField" Date="20230405" Time="153955">CalculateField CNFP_v3 categoria "PNM" VB #</Process><Process ToolSource="c:\program files (x86)\arcgis\desktop10.5\ArcToolbox\Toolboxes\Data Management Tools.tbx\CalculateField" Date="20230405" Time="154409">CalculateField CNFP_v3 categoria "PNM / APA" VB #</Process><Process ToolSource="c:\program files (x86)\arcgis\desktop10.5\ArcToolbox\Toolboxes\Data Management Tools.tbx\CalculateField" Date="20230405" Time="154645">CalculateField CNFP_v3 categoria "REVIS" VB #</Process><Process ToolSource="c:\program files (x86)\arcgis\desktop10.5\ArcToolbox\Toolboxes\Data Management Tools.tbx\CalculateField" Date="20230405" Time="154716">CalculateField CNFP_v3 categoria "REBIO" VB #</Process><Process ToolSource="c:\program files (x86)\arcgis\desktop10.5\ArcToolbox\Toolboxes\Data Management Tools.tbx\CalculateField" Date="20230405" Time="163403">CalculateField CNFP_v3 classe "UCFED" VB #</Process><Process ToolSource="c:\program files (x86)\arcgis\desktop10.5\ArcToolbox\Toolboxes\Data Management Tools.tbx\CalculateField" Date="20230405" Time="163507">CalculateField CNFP_v3 classe "UCFED" VB #</Process><Process ToolSource="c:\program files (x86)\arcgis\desktop10.5\ArcToolbox\Toolboxes\Data Management Tools.tbx\CalculateField" Date="20230405" Time="163555">CalculateField CNFP_v3 classe "UCFED" VB #</Process><Process ToolSource="c:\program files (x86)\arcgis\desktop10.5\ArcToolbox\Toolboxes\Data Management Tools.tbx\CalculateField" Date="20230405" Time="163622">CalculateField CNFP_v3 classe "UCFED" VB #</Process><Process ToolSource="c:\program files (x86)\arcgis\desktop10.5\ArcToolbox\Toolboxes\Data Management Tools.tbx\CalculateField" Date="20230405" Time="163916">CalculateField CNFP_v3 classe "UCFED" VB #</Process><Process ToolSource="c:\program files (x86)\arcgis\desktop10.5\ArcToolbox\Toolboxes\Data Management Tools.tbx\CalculateField" Date="20230405" Time="163948">CalculateField CNFP_v3 classe "UCFED" VB #</Process><Process ToolSource="c:\program files (x86)\arcgis\desktop10.5\ArcToolbox\Toolboxes\Data Management Tools.tbx\CalculateField" Date="20230405" Time="165514">CalculateField CNFP_v3 classe "UCEST" VB #</Process><Process ToolSource="c:\program files (x86)\arcgis\desktop10.5\ArcToolbox\Toolboxes\Data Management Tools.tbx\CalculateField" Date="20230405" Time="165854">CalculateField CNFP_v3 classe "UCEST" VB #</Process><Process ToolSource="c:\program files (x86)\arcgis\desktop10.5\ArcToolbox\Toolboxes\Data Management Tools.tbx\CalculateField" Date="20230406" Time="092139">CalculateField CNFP_v3 classe "USO MILITAR" VB #</Process><Process ToolSource="c:\program files (x86)\arcgis\desktop10.5\ArcToolbox\Toolboxes\Data Management Tools.tbx\CalculateField" Date="20230406" Time="092828">CalculateField CNFP_v3 tipo "TIPO A" VB #</Process><Process ToolSource="c:\program files (x86)\arcgis\desktop10.5\ArcToolbox\Toolboxes\Data Management Tools.tbx\CalculateField" Date="20230406" Time="093239">CalculateField CNFP_v3 classe "ASSENFED" VB #</Process><Process ToolSource="c:\program files (x86)\arcgis\desktop10.5\ArcToolbox\Toolboxes\Data Management Tools.tbx\CalculateField" Date="20230406" Time="093521">CalculateField CNFP_v3 classe "ASSENEST" VB #</Process><Process ToolSource="c:\program files (x86)\arcgis\desktop10.5\ArcToolbox\Toolboxes\Data Management Tools.tbx\CalculateField" Date="20230406" Time="093601">CalculateField CNFP_v3 classe "ASSENEST" VB #</Process><Process ToolSource="c:\program files (x86)\arcgis\desktop10.5\ArcToolbox\Toolboxes\Data Management Tools.tbx\CalculateField" Date="20230406" Time="093633">CalculateField CNFP_v3 orgao "ITERPA" VB #</Process><Process ToolSource="c:\program files (x86)\arcgis\desktop10.5\ArcToolbox\Toolboxes\Data Management Tools.tbx\CalculateField" Date="20230406" Time="095118">CalculateField CNFP_v3 classe "DESV FLOR" VB #</Process><Process ToolSource="c:\program files (x86)\arcgis\desktop10.5\ArcToolbox\Toolboxes\Data Management Tools.tbx\CalculateField" Date="20230406" Time="095324">CalculateField CNFP_v3 classe "UCEST" VB #</Process><Process ToolSource="c:\program files (x86)\arcgis\desktop10.5\ArcToolbox\Toolboxes\Data Management Tools.tbx\CalculateField" Date="20230406" Time="095825">CalculateField CNFP_v3 classe "UCEST" VB #</Process><Process ToolSource="c:\program files (x86)\arcgis\desktop10.5\ArcToolbox\Toolboxes\Data Management Tools.tbx\CalculateField" Date="20230406" Time="095851">CalculateField CNFP_v3 classe "UCEST" VB #</Process><Process ToolSource="c:\program files (x86)\arcgis\desktop10.5\ArcToolbox\Toolboxes\Data Management Tools.tbx\CalculateField" Date="20230406" Time="095926">CalculateField CNFP_v3 classe "UCEST / UCFED" VB #</Process><Process ToolSource="c:\program files (x86)\arcgis\desktop10.5\ArcToolbox\Toolboxes\Data Management Tools.tbx\CalculateField" Date="20230406" Time="100046">CalculateField CNFP_v3 classe "UCEST" VB #</Process><Process ToolSource="c:\program files (x86)\arcgis\desktop10.5\ArcToolbox\Toolboxes\Data Management Tools.tbx\CalculateField" Date="20230406" Time="100059">CalculateField CNFP_v3 classe "UCEST" VB #</Process><Process ToolSource="c:\program files (x86)\arcgis\desktop10.5\ArcToolbox\Toolboxes\Data Management Tools.tbx\CalculateField" Date="20230406" Time="100550">CalculateField CNFP_v3 classe "UCEST" VB #</Process><Process ToolSource="c:\program files (x86)\arcgis\desktop10.5\ArcToolbox\Toolboxes\Data Management Tools.tbx\CalculateField" Date="20230406" Time="100616">CalculateField CNFP_v3 classe "UCEST" VB #</Process><Process ToolSource="c:\program files (x86)\arcgis\desktop10.5\ArcToolbox\Toolboxes\Data Management Tools.tbx\CalculateField" Date="20230406" Time="100743">CalculateField CNFP_v3 classe "ASSENFED" VB #</Process><Process ToolSource="c:\program files (x86)\arcgis\desktop10.5\ArcToolbox\Toolboxes\Data Management Tools.tbx\CalculateField" Date="20230406" Time="101510">CalculateField CNFP_v3 classe "UCFED / UCEST" VB #</Process><Process ToolSource="c:\program files (x86)\arcgis\desktop10.5\ArcToolbox\Toolboxes\Data Management Tools.tbx\CalculateField" Date="20230406" Time="103417">CalculateField CNFP_v3 classe "TI" VB #</Process><Process ToolSource="c:\program files (x86)\arcgis\desktop10.5\ArcToolbox\Toolboxes\Data Management Tools.tbx\CalculateField" Date="20230406" Time="103456">CalculateField CNFP_v3 classe "UCEST" VB #</Process><Process ToolSource="c:\program files (x86)\arcgis\desktop10.5\ArcToolbox\Toolboxes\Data Management Tools.tbx\CalculateField" Date="20230406" Time="103529">CalculateField CNFP_v3 classe "UCMUN" VB #</Process><Process ToolSource="c:\program files (x86)\arcgis\desktop10.5\ArcToolbox\Toolboxes\Data Management Tools.tbx\CalculateField" Date="20230406" Time="103639">CalculateField CNFP_v3 governo "ESTADUAL" VB #</Process><Process ToolSource="c:\program files (x86)\arcgis\desktop10.5\ArcToolbox\Toolboxes\Data Management Tools.tbx\CalculateField" Date="20230406" Time="103835">CalculateField CNFP_v3 classe "TI" VB #</Process><Process ToolSource="c:\program files (x86)\arcgis\desktop10.5\ArcToolbox\Toolboxes\Data Management Tools.tbx\CalculateField" Date="20230406" Time="111648">CalculateField CNFP_v3 classe "UCMUN" VB #</Process><Process ToolSource="c:\program files (x86)\arcgis\desktop10.5\ArcToolbox\Toolboxes\Data Management Tools.tbx\CalculateField" Date="20230406" Time="111710">CalculateField CNFP_v3 classe "UCEST" VB #</Process><Process ToolSource="c:\program files (x86)\arcgis\desktop10.5\ArcToolbox\Toolboxes\Data Management Tools.tbx\CalculateField" Date="20230406" Time="111739">CalculateField CNFP_v3 classe "UCFED" VB #</Process><Process ToolSource="c:\program files (x86)\arcgis\desktop10.5\ArcToolbox\Toolboxes\Data Management Tools.tbx\CalculateField" Date="20230406" Time="112013">CalculateField CNFP_v3 classe "UCMUN" VB #</Process><Process ToolSource="c:\program files (x86)\arcgis\desktop10.5\ArcToolbox\Toolboxes\Data Management Tools.tbx\CalculateField" Date="20230406" Time="162620">CalculateField CNFP_v3 classe "TI / UCFED" VB #</Process><Process ToolSource="c:\program files (x86)\arcgis\desktop10.5\ArcToolbox\Toolboxes\Data Management Tools.tbx\CalculateField" Date="20230406" Time="162646">CalculateField CNFP_v3 classe "TI / UCFED" VB #</Process><Process ToolSource="c:\program files (x86)\arcgis\desktop10.5\ArcToolbox\Toolboxes\Data Management Tools.tbx\CalculateField" Date="20230406" Time="162737">CalculateField CNFP_v3 classe "TI / UCEST" VB #</Process><Process ToolSource="c:\program files (x86)\arcgis\desktop10.5\ArcToolbox\Toolboxes\Data Management Tools.tbx\CalculateField" Date="20230406" Time="162807">CalculateField CNFP_v3 classe "TI / UCEST" VB #</Process><Process ToolSource="c:\program files (x86)\arcgis\desktop10.5\ArcToolbox\Toolboxes\Data Management Tools.tbx\CalculateField" Date="20230406" Time="163023">CalculateField CNFP_v3 classe "TI / UCEST" VB #</Process><Process ToolSource="c:\program files (x86)\arcgis\desktop10.5\ArcToolbox\Toolboxes\Data Management Tools.tbx\CalculateField" Date="20230406" Time="163048">CalculateField CNFP_v3 classe "TI / UCEST" VB #</Process><Process ToolSource="c:\program files (x86)\arcgis\desktop10.5\ArcToolbox\Toolboxes\Data Management Tools.tbx\CalculateField" Date="20230406" Time="163144">CalculateField CNFP_v3 classe "UCFED / UCEST" VB #</Process><Process ToolSource="c:\program files (x86)\arcgis\desktop10.5\ArcToolbox\Toolboxes\Data Management Tools.tbx\CalculateField" Date="20230406" Time="163220">CalculateField CNFP_v3 classe "UCFED / UCEST" VB #</Process><Process ToolSource="c:\program files (x86)\arcgis\desktop10.5\ArcToolbox\Toolboxes\Data Management Tools.tbx\CalculateField" Date="20230406" Time="163310">CalculateField CNFP_v3 classe "UCFED / UCEST" VB #</Process><Process ToolSource="c:\program files (x86)\arcgis\desktop10.5\ArcToolbox\Toolboxes\Data Management Tools.tbx\CalculateField" Date="20230406" Time="163350">CalculateField CNFP_v3 classe "UCFED / UCEST" VB #</Process><Process ToolSource="c:\program files (x86)\arcgis\desktop10.5\ArcToolbox\Toolboxes\Data Management Tools.tbx\CalculateField" Date="20230406" Time="163414">CalculateField CNFP_v3 classe "UCFED / UCEST" VB #</Process><Process ToolSource="c:\program files (x86)\arcgis\desktop10.5\ArcToolbox\Toolboxes\Data Management Tools.tbx\CalculateField" Date="20230406" Time="163448">CalculateField CNFP_v3 classe "UCFED / UCEST" VB #</Process><Process ToolSource="c:\program files (x86)\arcgis\desktop10.5\ArcToolbox\Toolboxes\Data Management Tools.tbx\CalculateField" Date="20230406" Time="163514">CalculateField CNFP_v3 classe "UCFED / UCEST" VB #</Process><Process ToolSource="c:\program files (x86)\arcgis\desktop10.5\ArcToolbox\Toolboxes\Data Management Tools.tbx\CalculateField" Date="20230406" Time="163540">CalculateField CNFP_v3 classe "UCFED / UCEST" VB #</Process><Process ToolSource="c:\program files (x86)\arcgis\desktop10.5\ArcToolbox\Toolboxes\Data Management Tools.tbx\CalculateField" Date="20230406" Time="163600">CalculateField CNFP_v3 classe "UCFED / UCEST" VB #</Process><Process ToolSource="c:\program files (x86)\arcgis\desktop10.5\ArcToolbox\Toolboxes\Data Management Tools.tbx\CalculateField" Date="20230406" Time="163730">CalculateField CNFP_v3 classe "UCFED / UCEST" VB #</Process><Process ToolSource="c:\program files (x86)\arcgis\desktop10.5\ArcToolbox\Toolboxes\Data Management Tools.tbx\CalculateField" Date="20230406" Time="163849">CalculateField CNFP_v3 classe "UCFED / UCEST" VB #</Process><Process ToolSource="c:\program files (x86)\arcgis\desktop10.5\ArcToolbox\Toolboxes\Data Management Tools.tbx\CalculateField" Date="20230411" Time="150519">CalculateField CNFP_v3 protecao "USO SUSTENTAVEL" VB #</Process><Process ToolSource="c:\program files (x86)\arcgis\desktop10.5\ArcToolbox\Toolboxes\Data Management Tools.tbx\CalculateField" Date="20230411" Time="150702">CalculateField CNFP_v3 protecao "USO SUSTENTAVEL" VB #</Process><Process ToolSource="c:\program files (x86)\arcgis\desktop10.5\ArcToolbox\Toolboxes\Data Management Tools.tbx\CalculateField" Date="20230411" Time="150932">CalculateField CNFP_v3 protecao "PROTECAO INTEGRAL" VB #</Process><Process ToolSource="c:\program files (x86)\arcgis\desktop10.5\ArcToolbox\Toolboxes\Data Management Tools.tbx\CalculateField" Date="20230411" Time="151008">CalculateField CNFP_v3 protecao "PROTECAO INTEGRAL" VB #</Process><Process ToolSource="c:\program files (x86)\arcgis\desktop10.5\ArcToolbox\Toolboxes\Data Management Tools.tbx\CalculateField" Date="20230411" Time="151038">CalculateField CNFP_v3 protecao "PROTECAO INTEGRAL" VB #</Process><Process ToolSource="c:\program files (x86)\arcgis\desktop10.5\ArcToolbox\Toolboxes\Data Management Tools.tbx\CalculateField" Date="20230411" Time="151109">CalculateField CNFP_v3 protecao "PROTECAO INTEGRAL" VB #</Process><Process ToolSource="c:\program files (x86)\arcgis\desktop10.5\ArcToolbox\Toolboxes\Data Management Tools.tbx\CalculateField" Date="20230411" Time="151143">CalculateField CNFP_v3 protecao "PROTECAO INTEGRAL" VB #</Process><Process ToolSource="c:\program files (x86)\arcgis\desktop10.5\ArcToolbox\Toolboxes\Data Management Tools.tbx\CalculateField" Date="20230412" Time="083755">CalculateField CNFP_v3 protecao "USO SUSTENTAVEL" VB #</Process><Process ToolSource="c:\program files (x86)\arcgis\desktop10.5\ArcToolbox\Toolboxes\Data Management Tools.tbx\CalculateField" Date="20230412" Time="084121">CalculateField CNFP_v3 protecao "USO MILITAR" VB #</Process><Process ToolSource="c:\program files (x86)\arcgis\desktop10.5\ArcToolbox\Toolboxes\Data Management Tools.tbx\CalculateField" Date="20230412" Time="084208">CalculateField CNFP_v3 protecao "USO SUSTENTAVEL" VB #</Process><Process ToolSource="c:\program files (x86)\arcgis\desktop10.5\ArcToolbox\Toolboxes\Data Management Tools.tbx\CalculateField" Date="20230412" Time="084306">CalculateField CNFP_v3 protecao "USO SUSTENTAVEL" VB #</Process><Process ToolSource="c:\program files (x86)\arcgis\desktop10.5\ArcToolbox\Toolboxes\Data Management Tools.tbx\CalculateField" Date="20230412" Time="084858">CalculateField CNFP_v3 protecao "PROTECAO INTEGRAL" VB #</Process><Process ToolSource="c:\program files (x86)\arcgis\desktop10.5\ArcToolbox\Toolboxes\Data Management Tools.tbx\CalculateField" Date="20230412" Time="085025">CalculateField CNFP_v3 protecao "USO SUSTENTAVEL" VB #</Process><Process ToolSource="c:\program files (x86)\arcgis\desktop10.5\ArcToolbox\Toolboxes\Data Management Tools.tbx\CalculateField" Date="20230412" Time="085605">CalculateField CNFP_v3 protecao "PROTECAO INTEGRAL" VB #</Process><Process ToolSource="c:\program files (x86)\arcgis\desktop10.5\ArcToolbox\Toolboxes\Data Management Tools.tbx\CalculateField" Date="20230417" Time="090025">CalculateField CNFP_v3 protecao "OUTROS USOS" VB #</Process><Process ToolSource="c:\program files (x86)\arcgis\desktop10.5\ArcToolbox\Toolboxes\Data Management Tools.tbx\CalculateField" Date="20230417" Time="090538">CalculateField CNFP_v3 protecao "USO SUSTENTAVEL" VB #</Process><Process ToolSource="c:\program files (x86)\arcgis\desktop10.5\ArcToolbox\Toolboxes\Data Management Tools.tbx\CalculateField" Date="20230417" Time="090718">CalculateField CNFP_v3 protecao "USO SUSTENTAVEL" VB #</Process><Process ToolSource="c:\program files (x86)\arcgis\desktop10.5\ArcToolbox\Toolboxes\Data Management Tools.tbx\CalculateField" Date="20230417" Time="090756">CalculateField CNFP_v3 protecao "USO SUSTENTAVEL" VB #</Process><Process ToolSource="c:\program files (x86)\arcgis\desktop10.5\ArcToolbox\Toolboxes\Data Management Tools.tbx\CalculateField" Date="20230417" Time="091349">CalculateField CNFP_v3 protecao "USO SUSTENTAVEL" VB #</Process><Process ToolSource="c:\program files (x86)\arcgis\desktop10.5\ArcToolbox\Toolboxes\Data Management Tools.tbx\CalculateField" Date="20230417" Time="091508">CalculateField CNFP_v3 protecao "USO SUSTENTAVEL" VB #</Process><Process ToolSource="c:\program files (x86)\arcgis\desktop10.5\ArcToolbox\Toolboxes\Data Management Tools.tbx\CalculateField" Date="20230417" Time="092259">CalculateField CNFP_v3 protecao "USO SUSTENTAVEL" VB #</Process><Process ToolSource="c:\program files (x86)\arcgis\desktop10.5\ArcToolbox\Toolboxes\Data Management Tools.tbx\CalculateField" Date="20230417" Time="092338">CalculateField CNFP_v3 protecao "USO SUSTENTAVEL" VB #</Process><Process ToolSource="c:\program files (x86)\arcgis\desktop10.5\ArcToolbox\Toolboxes\Data Management Tools.tbx\CalculateField" Date="20230417" Time="092409">CalculateField CNFP_v3 protecao "USO SUSTENTAVEL" VB #</Process><Process ToolSource="c:\program files (x86)\arcgis\desktop10.5\ArcToolbox\Toolboxes\Data Management Tools.tbx\CalculateField" Date="20230417" Time="092826">CalculateField CNFP_v3 protecao "PROTECAO INTEGRAL" VB #</Process><Process ToolSource="c:\program files (x86)\arcgis\desktop10.5\ArcToolbox\Toolboxes\Data Management Tools.tbx\CalculateField" Date="20230417" Time="095028">CalculateField CNFP_v3 protecao "PROTECAO INTEGRAL" VB #</Process><Process ToolSource="c:\program files (x86)\arcgis\desktop10.5\ArcToolbox\Toolboxes\Data Management Tools.tbx\CalculateField" Date="20230417" Time="095127">CalculateField CNFP_v3 protecao "PROTECAO INTEGRAL" VB #</Process><Process ToolSource="c:\program files (x86)\arcgis\desktop10.5\ArcToolbox\Toolboxes\Data Management Tools.tbx\CalculateField" Date="20230417" Time="095211">CalculateField CNFP_v3 protecao "PROTECAO INTEGRAL" VB #</Process><Process ToolSource="c:\program files (x86)\arcgis\desktop10.5\ArcToolbox\Toolboxes\Data Management Tools.tbx\CalculateField" Date="20230417" Time="095627">CalculateField CNFP_v3 protecao "USO SUSTENTAVEL" VB #</Process><Process ToolSource="c:\program files (x86)\arcgis\desktop10.5\ArcToolbox\Toolboxes\Data Management Tools.tbx\CalculateField" Date="20230417" Time="095752">CalculateField CNFP_v3 protecao "USO SUSTENTAVEL" VB #</Process><Process ToolSource="c:\program files (x86)\arcgis\desktop10.5\ArcToolbox\Toolboxes\Data Management Tools.tbx\CalculateField" Date="20230417" Time="100406">CalculateField CNFP_v3 protecao "PROTECAO INTEGRAL" VB #</Process><Process ToolSource="c:\program files (x86)\arcgis\desktop10.5\ArcToolbox\Toolboxes\Data Management Tools.tbx\CalculateField" Date="20230417" Time="100713">CalculateField CNFP_v3 protecao "USO SUSTENTAVEL" VB #</Process><Process ToolSource="c:\program files (x86)\arcgis\desktop10.5\ArcToolbox\Toolboxes\Data Management Tools.tbx\CalculateField" Date="20230417" Time="101925">CalculateField CNFP_v3 protecao "PROTECAO INTEGRAL" VB #</Process><Process ToolSource="c:\program files (x86)\arcgis\desktop10.5\ArcToolbox\Toolboxes\Data Management Tools.tbx\CalculateField" Date="20230417" Time="102012">CalculateField CNFP_v3 protecao "PROTECAO INTEGRAL" VB #</Process><Process ToolSource="c:\program files (x86)\arcgis\desktop10.5\ArcToolbox\Toolboxes\Data Management Tools.tbx\CalculateField" Date="20230417" Time="102030">CalculateField CNFP_v3 protecao "PROTECAO INTEGRAL" VB #</Process><Process ToolSource="c:\program files (x86)\arcgis\desktop10.5\ArcToolbox\Toolboxes\Data Management Tools.tbx\CalculateField" Date="20230417" Time="102446">CalculateField CNFP_v3 protecao "USO SUSTENTAVEL" VB #</Process><Process ToolSource="c:\program files (x86)\arcgis\desktop10.5\ArcToolbox\Toolboxes\Data Management Tools.tbx\CalculateField" Date="20230417" Time="102527">CalculateField CNFP_v3 protecao "USO SUSTENTAVEL" VB #</Process><Process ToolSource="c:\program files (x86)\arcgis\desktop10.5\ArcToolbox\Toolboxes\Data Management Tools.tbx\CalculateField" Date="20230417" Time="103045">CalculateField CNFP_v3 protecao "PROTECAO INTEGRAL" VB #</Process><Process ToolSource="c:\program files (x86)\arcgis\desktop10.5\ArcToolbox\Toolboxes\Data Management Tools.tbx\CalculateField" Date="20230417" Time="103139">CalculateField CNFP_v3 protecao "USO SUSTENTAVEL" VB #</Process><Process ToolSource="c:\program files (x86)\arcgis\desktop10.5\ArcToolbox\Toolboxes\Data Management Tools.tbx\CalculateField" Date="20230417" Time="103323">CalculateField CNFP_v3 protecao "PROTECAO INTEGRAL" VB #</Process><Process ToolSource="c:\program files (x86)\arcgis\desktop10.5\ArcToolbox\Toolboxes\Data Management Tools.tbx\CalculateField" Date="20230417" Time="103734">CalculateField CNFP_v3 protecao "USO SUSTENTAVEL" VB #</Process><Process ToolSource="c:\program files (x86)\arcgis\desktop10.5\ArcToolbox\Toolboxes\Data Management Tools.tbx\CalculateField" Date="20230417" Time="103803">CalculateField CNFP_v3 protecao "USO SUSTENTAVEL" VB #</Process><Process ToolSource="c:\program files (x86)\arcgis\desktop10.5\ArcToolbox\Toolboxes\Data Management Tools.tbx\CalculateField" Date="20230417" Time="103831">CalculateField CNFP_v3 protecao "USO SUSTENTAVEL" VB #</Process><Process ToolSource="c:\program files (x86)\arcgis\desktop10.5\ArcToolbox\Toolboxes\Data Management Tools.tbx\CalculateField" Date="20230417" Time="103935">CalculateField CNFP_v3 protecao "PROTECAO INTEGRAL" VB #</Process><Process ToolSource="c:\program files (x86)\arcgis\desktop10.5\ArcToolbox\Toolboxes\Data Management Tools.tbx\CalculateField" Date="20230417" Time="103952">CalculateField CNFP_v3 protecao "PROTECAO INTEGRAL" VB #</Process><Process ToolSource="c:\program files (x86)\arcgis\desktop10.5\ArcToolbox\Toolboxes\Data Management Tools.tbx\CalculateField" Date="20230417" Time="104044">CalculateField CNFP_v3 protecao "PROTECAO INTEGRAL" VB #</Process><Process ToolSource="c:\program files (x86)\arcgis\desktop10.5\ArcToolbox\Toolboxes\Data Management Tools.tbx\CalculateField" Date="20230417" Time="104254">CalculateField CNFP_v3 protecao "PROTECAO INTEGRAL" VB #</Process><Process ToolSource="c:\program files (x86)\arcgis\desktop10.5\ArcToolbox\Toolboxes\Data Management Tools.tbx\CalculateField" Date="20230417" Time="104556">CalculateField CNFP_v3 protecao "PROTECAO INTEGRAL" VB #</Process><Process ToolSource="c:\program files (x86)\arcgis\desktop10.5\ArcToolbox\Toolboxes\Data Management Tools.tbx\CalculateField" Date="20230417" Time="104626">CalculateField CNFP_v3 protecao "PROTECAO INTEGRAL" VB #</Process><Process ToolSource="c:\program files (x86)\arcgis\desktop10.5\ArcToolbox\Toolboxes\Data Management Tools.tbx\CalculateField" Date="20230417" Time="104715">CalculateField CNFP_v3 protecao "PROTECAO INTEGRAL" VB #</Process><Process ToolSource="c:\program files (x86)\arcgis\desktop10.5\ArcToolbox\Toolboxes\Data Management Tools.tbx\CalculateField" Date="20230417" Time="104733">CalculateField CNFP_v3 protecao "PROTECAO INTEGRAL" VB #</Process><Process ToolSource="c:\program files (x86)\arcgis\desktop10.5\ArcToolbox\Toolboxes\Data Management Tools.tbx\CalculateField" Date="20230417" Time="110905">CalculateField CNFP_v3 comunitari "NAO" VB #</Process><Process ToolSource="c:\program files (x86)\arcgis\desktop10.5\ArcToolbox\Toolboxes\Data Management Tools.tbx\CalculateField" Date="20230417" Time="111006">CalculateField CNFP_v3 comunitari "SIM" VB #</Process><Process ToolSource="c:\program files (x86)\arcgis\desktop10.5\ArcToolbox\Toolboxes\Data Management Tools.tbx\CalculateField" Date="20230417" Time="111508">CalculateField CNFP_v3 comunitari "SIM" VB #</Process><Process ToolSource="c:\program files (x86)\arcgis\desktop10.5\ArcToolbox\Toolboxes\Data Management Tools.tbx\CalculateField" Date="20230417" Time="112644">CalculateField CNFP_v3 comunitari "NAO" VB #</Process><Process ToolSource="c:\program files (x86)\arcgis\desktop10.5\ArcToolbox\Toolboxes\Data Management Tools.tbx\CalculateField" Date="20230417" Time="112729">CalculateField CNFP_v3 comunitari "NAO" VB #</Process><Process ToolSource="c:\program files (x86)\arcgis\desktop10.5\ArcToolbox\Toolboxes\Data Management Tools.tbx\CalculateField" Date="20230417" Time="112819">CalculateField CNFP_v3 comunitari "SIM" VB #</Process><Process ToolSource="c:\program files (x86)\arcgis\desktop10.5\ArcToolbox\Toolboxes\Data Management Tools.tbx\CalculateField" Date="20230417" Time="112841">CalculateField CNFP_v3 comunitari "SIM" VB #</Process><Process ToolSource="c:\program files (x86)\arcgis\desktop10.5\ArcToolbox\Toolboxes\Data Management Tools.tbx\CalculateField" Date="20230417" Time="112854">CalculateField CNFP_v3 comunitari "SIM" VB #</Process><Process ToolSource="c:\program files (x86)\arcgis\desktop10.5\ArcToolbox\Toolboxes\Data Management Tools.tbx\CalculateField" Date="20230417" Time="112925">CalculateField CNFP_v3 comunitari "SIM" VB #</Process><Process ToolSource="c:\program files (x86)\arcgis\desktop10.5\ArcToolbox\Toolboxes\Data Management Tools.tbx\CalculateField" Date="20230417" Time="112941">CalculateField CNFP_v3 comunitari "SIM" VB #</Process><Process ToolSource="c:\program files (x86)\arcgis\desktop10.5\ArcToolbox\Toolboxes\Data Management Tools.tbx\CalculateField" Date="20230417" Time="143131">CalculateField CNFP_v3 comunitari "NAO" VB #</Process><Process ToolSource="c:\program files (x86)\arcgis\desktop10.5\ArcToolbox\Toolboxes\Data Management Tools.tbx\CalculateField" Date="20230417" Time="143208">CalculateField CNFP_v3 comunitari "NAO" VB #</Process><Process ToolSource="c:\program files (x86)\arcgis\desktop10.5\ArcToolbox\Toolboxes\Data Management Tools.tbx\CalculateField" Date="20230417" Time="143311">CalculateField CNFP_v3 comunitari "NAO" VB #</Process><Process ToolSource="c:\program files (x86)\arcgis\desktop10.5\ArcToolbox\Toolboxes\Data Management Tools.tbx\CalculateField" Date="20230417" Time="143438">CalculateField CNFP_v3 comunitari "NAO" VB #</Process><Process ToolSource="c:\program files (x86)\arcgis\desktop10.5\ArcToolbox\Toolboxes\Data Management Tools.tbx\CalculateField" Date="20230417" Time="143515">CalculateField CNFP_v3 comunitari "NAO" VB #</Process><Process ToolSource="c:\program files (x86)\arcgis\desktop10.5\ArcToolbox\Toolboxes\Data Management Tools.tbx\CalculateField" Date="20230417" Time="143648">CalculateField CNFP_v3 comunitari "NAO" VB #</Process><Process ToolSource="c:\program files (x86)\arcgis\desktop10.5\ArcToolbox\Toolboxes\Data Management Tools.tbx\CalculateField" Date="20230417" Time="144159">CalculateField CNFP_v3 comunitari "NAO" VB #</Process><Process ToolSource="c:\program files (x86)\arcgis\desktop10.5\ArcToolbox\Toolboxes\Data Management Tools.tbx\CalculateField" Date="20230417" Time="144246">CalculateField CNFP_v3 comunitari "NAO" VB #</Process><Process ToolSource="c:\program files (x86)\arcgis\desktop10.5\ArcToolbox\Toolboxes\Data Management Tools.tbx\CalculateField" Date="20230417" Time="144416">CalculateField CNFP_v3 comunitari "NAO" VB #</Process><Process ToolSource="c:\program files (x86)\arcgis\desktop10.5\ArcToolbox\Toolboxes\Data Management Tools.tbx\CalculateField" Date="20230417" Time="145216">CalculateField CNFP_v3 comunitari "SIM" VB #</Process><Process ToolSource="c:\program files (x86)\arcgis\desktop10.5\ArcToolbox\Toolboxes\Data Management Tools.tbx\CalculateField" Date="20230417" Time="145421">CalculateField CNFP_v3 comunitari "NAO" VB #</Process><Process ToolSource="c:\program files (x86)\arcgis\desktop10.5\ArcToolbox\Toolboxes\Data Management Tools.tbx\CalculateField" Date="20230417" Time="145512">CalculateField CNFP_v3 comunitari "NAO" VB #</Process><Process ToolSource="c:\program files (x86)\arcgis\desktop10.5\ArcToolbox\Toolboxes\Data Management Tools.tbx\CalculateField" Date="20230417" Time="145540">CalculateField CNFP_v3 comunitari "NAO" VB #</Process><Process ToolSource="c:\program files (x86)\arcgis\desktop10.5\ArcToolbox\Toolboxes\Data Management Tools.tbx\CalculateField" Date="20230417" Time="145728">CalculateField CNFP_v3 comunitari "SIM" VB #</Process><Process ToolSource="c:\program files (x86)\arcgis\desktop10.5\ArcToolbox\Toolboxes\Data Management Tools.tbx\CalculateField" Date="20230417" Time="145810">CalculateField CNFP_v3 comunitari "SIM" VB #</Process><Process ToolSource="c:\program files (x86)\arcgis\desktop10.5\ArcToolbox\Toolboxes\Data Management Tools.tbx\CalculateField" Date="20230417" Time="145906">CalculateField CNFP_v3 comunitari "SIM" VB #</Process><Process ToolSource="c:\program files (x86)\arcgis\desktop10.5\ArcToolbox\Toolboxes\Data Management Tools.tbx\CalculateField" Date="20230417" Time="150056">CalculateField CNFP_v3 comunitari "NAO" VB #</Process><Process ToolSource="c:\program files (x86)\arcgis\desktop10.5\ArcToolbox\Toolboxes\Data Management Tools.tbx\CalculateField" Date="20230417" Time="150302">CalculateField CNFP_v3 comunitari "SIM" VB #</Process><Process ToolSource="c:\program files (x86)\arcgis\desktop10.5\ArcToolbox\Toolboxes\Data Management Tools.tbx\CalculateField" Date="20230417" Time="150445">CalculateField CNFP_v3 comunitari "SIM" VB #</Process><Process ToolSource="c:\program files (x86)\arcgis\desktop10.5\ArcToolbox\Toolboxes\Data Management Tools.tbx\CalculateField" Date="20230417" Time="150938">CalculateField CNFP_v3 comunitari "NAO" VB #</Process><Process ToolSource="c:\program files (x86)\arcgis\desktop10.5\ArcToolbox\Toolboxes\Data Management Tools.tbx\CalculateField" Date="20230417" Time="151033">CalculateField CNFP_v3 comunitari "NAO" VB #</Process><Process ToolSource="c:\program files (x86)\arcgis\desktop10.5\ArcToolbox\Toolboxes\Data Management Tools.tbx\CalculateField" Date="20230417" Time="151119">CalculateField CNFP_v3 comunitari "SIM" VB #</Process><Process ToolSource="c:\program files (x86)\arcgis\desktop10.5\ArcToolbox\Toolboxes\Data Management Tools.tbx\CalculateField" Date="20230417" Time="151303">CalculateField CNFP_v3 comunitari "NAO" VB #</Process><Process ToolSource="c:\program files (x86)\arcgis\desktop10.5\ArcToolbox\Toolboxes\Data Management Tools.tbx\CalculateField" Date="20230417" Time="151350">CalculateField CNFP_v3 comunitari "NAO" VB #</Process><Process ToolSource="c:\program files (x86)\arcgis\desktop10.5\ArcToolbox\Toolboxes\Data Management Tools.tbx\CalculateField" Date="20230418" Time="082543">CalculateField CNFP_v3 comunitari "SIM" VB #</Process><Process ToolSource="c:\program files (x86)\arcgis\desktop10.5\ArcToolbox\Toolboxes\Data Management Tools.tbx\CalculateField" Date="20230418" Time="082630">CalculateField CNFP_v3 comunitari "SIM" VB #</Process><Process ToolSource="c:\program files (x86)\arcgis\desktop10.5\ArcToolbox\Toolboxes\Data Management Tools.tbx\CalculateField" Date="20230418" Time="082718">CalculateField CNFP_v3 comunitari "NAO" VB #</Process><Process ToolSource="c:\program files (x86)\arcgis\desktop10.5\ArcToolbox\Toolboxes\Data Management Tools.tbx\CalculateField" Date="20230418" Time="083116">CalculateField CNFP_v3 comunitari "NAO" VB #</Process><Process ToolSource="c:\program files (x86)\arcgis\desktop10.5\ArcToolbox\Toolboxes\Data Management Tools.tbx\CalculateField" Date="20230418" Time="083219">CalculateField CNFP_v3 comunitari "NAO" VB #</Process><Process ToolSource="c:\program files (x86)\arcgis\desktop10.5\ArcToolbox\Toolboxes\Data Management Tools.tbx\CalculateField" Date="20230418" Time="083346">CalculateField CNFP_v3 comunitari "NAO" VB #</Process><Process ToolSource="c:\program files (x86)\arcgis\desktop10.5\ArcToolbox\Toolboxes\Data Management Tools.tbx\CalculateField" Date="20230418" Time="083445">CalculateField CNFP_v3 comunitari "NAO" VB #</Process><Process ToolSource="c:\program files (x86)\arcgis\desktop10.5\ArcToolbox\Toolboxes\Data Management Tools.tbx\CalculateField" Date="20230418" Time="092727">CalculateField CNFP_v3 comunitari "NAO" VB #</Process><Process ToolSource="c:\program files (x86)\arcgis\desktop10.5\ArcToolbox\Toolboxes\Data Management Tools.tbx\CalculateField" Date="20230418" Time="092818">CalculateField CNFP_v3 comunitari "NAO" VB #</Process><Process ToolSource="c:\program files (x86)\arcgis\desktop10.5\ArcToolbox\Toolboxes\Data Management Tools.tbx\CalculateField" Date="20230418" Time="092850">CalculateField CNFP_v3 comunitari "NAO" VB #</Process><Process ToolSource="c:\program files (x86)\arcgis\desktop10.5\ArcToolbox\Toolboxes\Data Management Tools.tbx\CalculateField" Date="20230418" Time="092944">CalculateField CNFP_v3 comunitari "NAO" VB #</Process><Process ToolSource="c:\program files (x86)\arcgis\desktop10.5\ArcToolbox\Toolboxes\Data Management Tools.tbx\CalculateField" Date="20230418" Time="093014">CalculateField CNFP_v3 comunitari "NAO" VB #</Process><Process ToolSource="c:\program files (x86)\arcgis\desktop10.5\ArcToolbox\Toolboxes\Data Management Tools.tbx\CalculateField" Date="20230418" Time="093100">CalculateField CNFP_v3 comunitari "NAO" VB #</Process><Process ToolSource="c:\program files (x86)\arcgis\desktop10.5\ArcToolbox\Toolboxes\Data Management Tools.tbx\CalculateField" Date="20230418" Time="093139">CalculateField CNFP_v3 comunitari "NAO" VB #</Process><Process ToolSource="c:\program files (x86)\arcgis\desktop10.5\ArcToolbox\Toolboxes\Data Management Tools.tbx\CalculateField" Date="20230418" Time="093220">CalculateField CNFP_v3 comunitari "NAO" VB #</Process><Process ToolSource="c:\program files (x86)\arcgis\desktop10.5\ArcToolbox\Toolboxes\Data Management Tools.tbx\CalculateField" Date="20230418" Time="093356">CalculateField CNFP_v3 comunitari "SIM" VB #</Process><Process ToolSource="c:\program files (x86)\arcgis\desktop10.5\ArcToolbox\Toolboxes\Data Management Tools.tbx\Dissolve" Date="20230418" Time="094916">Dissolve CNFP_v3 C:\Geo\CNFP\CNFP_v3_Dissolve_v2.shp Bioma;CD_Bioma;diferenca;categoria;governo;orgao;sobreposic;nome;atolegal;classe;estagio;codigo;ano;uf;protecao;tipo;comunitari;anocriacao;observacao;area_ha;gid;cd_id;situacao;cd_uf # MULTI_PART DISSOLVE_LINES</Process><Process ToolSource="c:\program files (x86)\arcgis\desktop10.5\ArcToolbox\Toolboxes\Analysis Tools.tbx\Intersect" Date="20230419" Time="082116">Intersect "TipoB_v3 #;Florestas_2019_Merge #" C:\Geo\CNFP\TipoB_v3_Intersect_Florestas2019.shp ALL # INPUT</Process><Process ToolSource="c:\program files (x86)\arcgis\desktop10.5\ArcToolbox\Toolboxes\Data Management Tools.tbx\Dissolve" Date="20230420" Time="083053">Dissolve CNFP_v4 C:\Geo\CNFP\CNFP_v4_Dissolve.shp FID;Bioma;CD_Bioma;categoria;governo;orgao;sobreposic;nome;atolegal;classe;estagio;codigo;ano;uf;protecao;tipo;comunitari;anocriacao;observacao;area_ha;gid;cd_id;situacao;cd_uf;area;OBJECTID;Shape_Leng;Shape_Area # MULTI_PART DISSOLVE_LINES</Process><Process ToolSource="c:\program files (x86)\arcgis\desktop10.5\ArcToolbox\Toolboxes\Data Management Tools.tbx\CalculateField" Date="20230420" Time="090241">CalculateField CNFP_v4_Dissolve biomaa UCase( [Bioma] ) VB #</Process><Process ToolSource="c:\program files (x86)\arcgis\desktop10.5\ArcToolbox\Toolboxes\Data Management Tools.tbx\CalculateField" Date="20230420" Time="090335">CalculateField CNFP_v4_Dissolve bioma [biomaa] VB #</Process><Process ToolSource="c:\program files (x86)\arcgis\desktop10.5\ArcToolbox\Toolboxes\Data Management Tools.tbx\CalculateField" Date="20230420" Time="090820">CalculateField CNFP_v4_Dissolve estagioo UCase( [estagio] ) VB #</Process><Process ToolSource="c:\program files (x86)\arcgis\desktop10.5\ArcToolbox\Toolboxes\Data Management Tools.tbx\CalculateField" Date="20230420" Time="091113">CalculateField CNFP_v4_Dissolve estagio [estagioo] VB #</Process><Process ToolSource="c:\program files (x86)\arcgis\desktop10.5\ArcToolbox\Toolboxes\Data Management Tools.tbx\CalculateField" Date="20230420" Time="091256">CalculateField CNFP_v4_Dissolve estagio "APROVACAO FISCAL" VB #</Process><Process ToolSource="c:\program files (x86)\arcgis\desktop10.5\ArcToolbox\Toolboxes\Data Management Tools.tbx\CalculateField" Date="20230420" Time="091430">CalculateField CNFP_v4_Dissolve estagio "NÃO TITULADA" VB #</Process><Process ToolSource="c:\program files (x86)\arcgis\desktop10.5\ArcToolbox\Toolboxes\Data Management Tools.tbx\CalculateField" Date="20230420" Time="091518">CalculateField CNFP_v4_Dissolve estagio "TITULADA NÃO REGISTRADA" VB #</Process><Process ToolSource="c:\program files (x86)\arcgis\desktop10.5\ArcToolbox\Toolboxes\Data Management Tools.tbx\CalculateField" Date="20230420" Time="092930">CalculateField CNFP_v4_Dissolve governo "MUNICIPAL" VB #</Process><Process ToolSource="c:\program files (x86)\arcgis\desktop10.5\ArcToolbox\Toolboxes\Data Management Tools.tbx\CalculateField" Date="20230420" Time="093707">CalculateField CNFP_v4_Dissolve categoria "PARMU" VB #</Process><Process ToolSource="c:\program files (x86)\arcgis\desktop10.5\ArcToolbox\Toolboxes\Data Management Tools.tbx\CalculateField" Date="20230420" Time="095411">CalculateField CNFP_v4_Dissolve categoria "PARMU / APA" VB #</Process><Process ToolSource="c:\program files (x86)\arcgis\desktop10.5\ArcToolbox\Toolboxes\Data Management Tools.tbx\CalculateField" Date="20230420" Time="100328">CalculateField CNFP_v4_Dissolve categoria "FLOTA" VB #</Process><Process ToolSource="c:\program files (x86)\arcgis\desktop10.5\ArcToolbox\Toolboxes\Data Management Tools.tbx\CalculateField" Date="20230420" Time="100447">CalculateField CNFP_v4_Dissolve categoria "FLOTA" VB #</Process><Process ToolSource="c:\program files (x86)\arcgis\desktop10.5\ArcToolbox\Toolboxes\Data Management Tools.tbx\CalculateField" Date="20230424" Time="085932">CalculateField CNFP_v4_Dissolve orgao "FUNDAÇÃO FLORESTAL - SP" VB #</Process><Process ToolSource="c:\program files (x86)\arcgis\desktop10.5\ArcToolbox\Toolboxes\Data Management Tools.tbx\CalculateField" Date="20230424" Time="090032">CalculateField CNFP_v4_Dissolve orgao "FUNDAÇÃO FLORESTAL - SP" VB #</Process><Process ToolSource="c:\program files (x86)\arcgis\desktop10.5\ArcToolbox\Toolboxes\Data Management Tools.tbx\CalculateField" Date="20230424" Time="090109">CalculateField CNFP_v4_Dissolve orgao "FUNDAÇÃO FLORESTAL - PR" VB #</Process><Process ToolSource="c:\program files (x86)\arcgis\desktop10.5\ArcToolbox\Toolboxes\Data Management Tools.tbx\CalculateField" Date="20230424" Time="090138">CalculateField CNFP_v4_Dissolve orgao "FUNDAÇÃO FLORESTAL" VB #</Process><Process ToolSource="c:\program files (x86)\arcgis\desktop10.5\ArcToolbox\Toolboxes\Data Management Tools.tbx\CalculateField" Date="20230424" Time="090220">CalculateField CNFP_v4_Dissolve orgao "FUNDAÇÃO FLORESTAL - SP" VB #</Process><Process ToolSource="c:\program files (x86)\arcgis\desktop10.5\ArcToolbox\Toolboxes\Data Management Tools.tbx\CalculateField" Date="20230424" Time="090529">CalculateField CNFP_v4_Dissolve orgao "IBRAM - DF" VB #</Process><Process ToolSource="c:\program files (x86)\arcgis\desktop10.5\ArcToolbox\Toolboxes\Data Management Tools.tbx\CalculateField" Date="20230424" Time="100321">CalculateField CNFP_v4_Dissolve orgao "ICMBio" VB #</Process><Process ToolSource="c:\program files (x86)\arcgis\desktop10.5\ArcToolbox\Toolboxes\Data Management Tools.tbx\CalculateField" Date="20230424" Time="100537">CalculateField CNFP_v4_Dissolve orgao "IDEFLOR-Bio - PA" VB #</Process><Process ToolSource="c:\program files (x86)\arcgis\desktop10.5\ArcToolbox\Toolboxes\Data Management Tools.tbx\CalculateField" Date="20230424" Time="101624">CalculateField CNFP_v4_Dissolve orgao "Instituto de Terras e Colonização do Estado de Rondônia – ITERON" VB #</Process><Process ToolSource="c:\program files (x86)\arcgis\desktop10.5\ArcToolbox\Toolboxes\Data Management Tools.tbx\CalculateField" Date="20230425" Time="083923">CalculateField CNFP_v4_Dissolve orgao " / INCRA" VB #</Process><Process ToolSource="c:\program files (x86)\arcgis\desktop10.5\ArcToolbox\Toolboxes\Data Management Tools.tbx\CalculateField" Date="20230425" Time="084113">CalculateField CNFP_v4_Dissolve orgao " / INEA" VB #</Process><Process ToolSource="c:\program files (x86)\arcgis\desktop10.5\ArcToolbox\Toolboxes\Data Management Tools.tbx\CalculateField" Date="20230425" Time="084246">CalculateField CNFP_v4_Dissolve orgao "Agência Estadual do Meio Ambiente de Pernambuco" VB #</Process><Process ToolSource="c:\program files (x86)\arcgis\desktop10.5\ArcToolbox\Toolboxes\Data Management Tools.tbx\CalculateField" Date="20230425" Time="084529">CalculateField CNFP_v4_Dissolve orgao "Banco do Brasil" VB #</Process><Process ToolSource="c:\program files (x86)\arcgis\desktop10.5\ArcToolbox\Toolboxes\Data Management Tools.tbx\CalculateField" Date="20230425" Time="084717">CalculateField CNFP_v4_Dissolve orgao "Conselho Municipal de Defesa do Meio Ambiente de Santa Rita de Cássia - BA / INEMA" VB #</Process><Process ToolSource="c:\program files (x86)\arcgis\desktop10.5\ArcToolbox\Toolboxes\Data Management Tools.tbx\CalculateField" Date="20230425" Time="084825">CalculateField CNFP_v4_Dissolve orgao "Departamento Autônomo de Água e Esgotos de Araraquara - SP" VB #</Process><Process ToolSource="c:\program files (x86)\arcgis\desktop10.5\ArcToolbox\Toolboxes\Data Management Tools.tbx\CalculateField" Date="20230425" Time="084853">CalculateField CNFP_v4_Dissolve orgao "FUNAI  ICMBio" VB #</Process><Process ToolSource="c:\program files (x86)\arcgis\desktop10.5\ArcToolbox\Toolboxes\Data Management Tools.tbx\CalculateField" Date="20230425" Time="084909">CalculateField CNFP_v4_Dissolve orgao "FUNAI / ICMBio" VB #</Process><Process ToolSource="c:\program files (x86)\arcgis\desktop10.5\ArcToolbox\Toolboxes\Data Management Tools.tbx\CalculateField" Date="20230425" Time="084941">CalculateField CNFP_v4_Dissolve orgao " / Ministério da Defesa" VB #</Process><Process ToolSource="c:\program files (x86)\arcgis\desktop10.5\ArcToolbox\Toolboxes\Data Management Tools.tbx\CalculateField" Date="20230425" Time="085004">CalculateField CNFP_v4_Dissolve orgao "FUNAI / Ministério da Defesa" VB #</Process><Process ToolSource="c:\program files (x86)\arcgis\desktop10.5\ArcToolbox\Toolboxes\Data Management Tools.tbx\CalculateField" Date="20230425" Time="085938">CalculateField CNFP_v4_Dissolve orgao "Fundação Florestal - SP" VB #</Process><Process ToolSource="c:\program files (x86)\arcgis\desktop10.5\ArcToolbox\Toolboxes\Data Management Tools.tbx\CalculateField" Date="20230425" Time="090721">CalculateField CNFP_v4_Dissolve orgao "ICMBio" VB #</Process><Process ToolSource="c:\program files (x86)\arcgis\desktop10.5\ArcToolbox\Toolboxes\Data Management Tools.tbx\CalculateField" Date="20230425" Time="092329">CalculateField CNFP_v4_Dissolve orgao "Ministério da Defesa" VB #</Process><Process ToolSource="c:\program files (x86)\arcgis\desktop10.5\ArcToolbox\Toolboxes\Data Management Tools.tbx\CalculateField" Date="20230426" Time="091138">CalculateField CNFP_v4_Dissolve orgao "IEF - MG" VB #</Process><Process ToolSource="c:\program files (x86)\arcgis\desktop10.5\ArcToolbox\Toolboxes\Data Management Tools.tbx\CalculateField" Date="20230426" Time="091239">CalculateField CNFP_v4_Dissolve orgao "IEF - MG" VB #</Process><Process ToolSource="c:\program files (x86)\arcgis\desktop10.5\ArcToolbox\Toolboxes\Data Management Tools.tbx\CalculateField" Date="20230426" Time="091341">CalculateField CNFP_v4_Dissolve orgao "IEF - MG" VB #</Process><Process ToolSource="c:\program files (x86)\arcgis\desktop10.5\ArcToolbox\Toolboxes\Data Management Tools.tbx\CalculateField" Date="20230428" Time="090113">CalculateField CNFP_v4_Dissolve orgao "INEMA - BA" VB #</Process><Process ToolSource="c:\program files (x86)\arcgis\desktop10.5\ArcToolbox\Toolboxes\Data Management Tools.tbx\CalculateField" Date="20230510" Time="102628">CalculateField CNFP_v4_Dissolve ano "2021" VB #</Process><Process ToolSource="c:\program files (x86)\arcgis\desktop10.5\ArcToolbox\Toolboxes\Data Management Tools.tbx\CalculateField" Date="20230511" Time="140351">CalculateField CNFP_v4_Dissolve ano "2022" VB #</Process><Process ToolSource="c:\program files (x86)\arcgis\desktop10.5\ArcToolbox\Toolboxes\Data Management Tools.tbx\CalculateField" Date="20230619" Time="085114">CalculateField CNFP_v5 categoria "GLEBA ARRECADADA" VB #</Process><Process ToolSource="c:\program files (x86)\arcgis\desktop10.5\ArcToolbox\Toolboxes\Data Management Tools.tbx\CalculateField" Date="20230619" Time="085154">CalculateField CNFP_v5 orgao "INCRA" VB #</Process><Process ToolSource="c:\program files (x86)\arcgis\desktop10.5\ArcToolbox\Toolboxes\Data Management Tools.tbx\CalculateField" Date="20230619" Time="085213">CalculateField CNFP_v5 sobreposic "NAO" VB #</Process><Process ToolSource="c:\program files (x86)\arcgis\desktop10.5\ArcToolbox\Toolboxes\Data Management Tools.tbx\CalculateField" Date="20230619" Time="095335">CalculateField CNFP_v5 categoria "GLEBA ARRECADADA" VB #</Process><Process ToolSource="c:\program files (x86)\arcgis\desktop10.5\ArcToolbox\Toolboxes\Data Management Tools.tbx\CalculateField" Date="20230619" Time="095509">CalculateField CNFP_v5 orgao "INCRA" VB #</Process><Process ToolSource="c:\program files (x86)\arcgis\desktop10.5\ArcToolbox\Toolboxes\Data Management Tools.tbx\CalculateField" Date="20230619" Time="095642">CalculateField CNFP_v5 classe "GLEBAEST" VB #</Process><Process ToolSource="c:\program files (x86)\arcgis\desktop10.5\ArcToolbox\Toolboxes\Data Management Tools.tbx\CalculateField" Date="20230619" Time="095724">CalculateField CNFP_v5 classe "GLEBAFED" VB #</Process><Process ToolSource="c:\program files (x86)\arcgis\desktop10.5\ArcToolbox\Toolboxes\Data Management Tools.tbx\CalculateField" Date="20230619" Time="095809">CalculateField CNFP_v5 protecao "SEM DESTINACAO" VB #</Process><Process ToolSource="c:\program files (x86)\arcgis\desktop10.5\ArcToolbox\Toolboxes\Data Management Tools.tbx\CalculateField" Date="20230619" Time="095844">CalculateField CNFP_v5 tipo "TIPO B" VB #</Process><Process ToolSource="c:\program files (x86)\arcgis\desktop10.5\ArcToolbox\Toolboxes\Data Management Tools.tbx\CalculateField" Date="20230619" Time="100005">CalculateField CNFP_v5 protecao "SEM DESTINACAO" VB #</Process><Process ToolSource="c:\program files (x86)\arcgis\desktop10.5\ArcToolbox\Toolboxes\Data Management Tools.tbx\CalculateField" Date="20230619" Time="100034">CalculateField CNFP_v5 tipo "TIPO B" VB #</Process><Process ToolSource="c:\program files (x86)\arcgis\desktop10.5\ArcToolbox\Toolboxes\Data Management Tools.tbx\CalculateField" Date="20230619" Time="100100">CalculateField CNFP_v5 comunitari "NAO" VB #</Process><Process ToolSource="c:\program files (x86)\arcgis\desktop10.5\ArcToolbox\Toolboxes\Data Management Tools.tbx\CalculateField" Date="20230619" Time="110943">CalculateField CNFP_v5 bioma "AMAZÔNIA" VB #</Process><Process ToolSource="c:\program files (x86)\arcgis\desktop10.5\ArcToolbox\Toolboxes\Data Management Tools.tbx\CalculateField" Date="20230619" Time="111039">CalculateField CNFP_v5 bioma "CERRADO" VB #</Process><Process ToolSource="c:\program files (x86)\arcgis\desktop10.5\ArcToolbox\Toolboxes\Data Management Tools.tbx\CalculateField" Date="20230619" Time="111118">CalculateField CNFP_v5 bioma "PANTANAL" VB #</Process><Process ToolSource="c:\program files (x86)\arcgis\desktop10.5\ArcToolbox\Toolboxes\Data Management Tools.tbx\CalculateField" Date="20230619" Time="111534">CalculateField CNFP_v5 sobreposic "NAO" VB #</Process><Process ToolSource="c:\program files (x86)\arcgis\desktop10.5\ArcToolbox\Toolboxes\Data Management Tools.tbx\CalculateField" Date="20230619" Time="111642">CalculateField CNFP_v5 bioma "AMAZÔNIA" VB #</Process><Process ToolSource="c:\program files (x86)\arcgis\desktop10.5\ArcToolbox\Toolboxes\Data Management Tools.tbx\CalculateField" Date="20230620" Time="094453">CalculateField CNFP_v5 categoria "PAR" VB #</Process><Process ToolSource="c:\program files (x86)\arcgis\desktop10.5\ArcToolbox\Toolboxes\Data Management Tools.tbx\CalculateField" Date="20230620" Time="095725">CalculateField CNFP_v5 categoria "PDS" VB #</Process><Process ToolSource="c:\program files (x86)\arcgis\desktop10.5\ArcToolbox\Toolboxes\Data Management Tools.tbx\CalculateField" Date="20230620" Time="123105">CalculateField CNFP_v5 classe "GLEBAFED/OUTROS" VB #</Process></lineage><itemProps><itemName Sync="TRUE">CNFP_v4_Dissolve</itemName><imsContentType Sync="TRUE">002</imsContentType><itemLocation><linkage Sync="TRUE">file://\\SFB3648856\C$\Geo\CNFP\CNFP_v4_Dissolve.shp</linkage><protocol Sync="TRUE">Local Area Network</protocol></itemLocation><itemSize Sync="TRUE">0.000</itemSize></itemProps><coordRef><type Sync="TRUE">Geographic</type><geogcsn Sync="TRUE">GCS_SIRGAS_2000</geogcsn><csUnits Sync="TRUE">Angular Unit: Degree (0.017453)</csUnits><peXml Sync="TRUE">&lt;GeographicCoordinateSystem xsi:type='typens:GeographicCoordinateSystem' xmlns:xsi='http://www.w3.org/2001/XMLSchema-instance' xmlns:xs='http://www.w3.org/2001/XMLSchema' xmlns:typens='http://www.esri.com/schemas/ArcGIS/10.5'&gt;&lt;WKT&gt;GEOGCS[&amp;quot;GCS_SIRGAS_2000&amp;quot;,DATUM[&amp;quot;D_SIRGAS_2000&amp;quot;,SPHEROID[&amp;quot;GRS_1980&amp;quot;,6378137.0,298.257222101]],PRIMEM[&amp;quot;Greenwich&amp;quot;,0.0],UNIT[&amp;quot;Degree&amp;quot;,0.0174532925199433],AUTHORITY[&amp;quot;EPSG&amp;quot;,4674]]&lt;/WKT&gt;&lt;XOrigin&gt;-400&lt;/XOrigin&gt;&lt;YOrigin&gt;-400&lt;/YOrigin&gt;&lt;XYScale&gt;11258999068426.238&lt;/XYScale&gt;&lt;ZOrigin&gt;-100000&lt;/ZOrigin&gt;&lt;ZScale&gt;10000&lt;/ZScale&gt;&lt;MOrigin&gt;-100000&lt;/MOrigin&gt;&lt;MScale&gt;10000&lt;/MScale&gt;&lt;XYTolerance&gt;8.9831528411952133e-009&lt;/XYTolerance&gt;&lt;ZTolerance&gt;0.001&lt;/ZTolerance&gt;&lt;MTolerance&gt;0.001&lt;/MTolerance&gt;&lt;HighPrecision&gt;true&lt;/HighPrecision&gt;&lt;LeftLongitude&gt;-180&lt;/LeftLongitude&gt;&lt;WKID&gt;4674&lt;/WKID&gt;&lt;LatestWKID&gt;4674&lt;/LatestWKID&gt;&lt;/GeographicCoordinateSystem&gt;</peXml></coordRef><copyHistory><copy source="D:\Marta\Biomas\Shapes_Finais\lm_bioma_250" dest="\\ibge.gov.br\DGC-CREN\05-PROJETOS\Biomas_250\08_Resultados\finais_entrega\lm_bioma_250" date="20191001" time="13582000"></copy></copyHistory></DataProperties><SyncDate>20230420</SyncDate><SyncTime>08293500</SyncTime><ModDate>20230420</ModDate><ModTime>08293500</ModTime></Esri><dataIdInfo><envirDesc Sync="TRUE"> Version 6.2 (Build 9200) ; Esri ArcGIS 10.5.0.6491</envirDesc><dataLang><languageCode value="por" Sync="TRUE"></languageCode><countryCode value="BRA" Sync="TRUE"></countryCode></dataLang><idCitation><resTitle Sync="TRUE">CNFP_v4_Dissolve</resTitle><presForm><PresFormCd value="005" Sync="TRUE"></PresFormCd></presForm></idCitation><spatRpType><SpatRepTypCd value="001" Sync="TRUE"></SpatRepTypCd></spatRpType></dataIdInfo><mdLang><languageCode value="por" Sync="TRUE"></languageCode><countryCode value="BRA" Sync="TRUE"></countryCode></mdLang><distInfo><distFormat><formatName Sync="TRUE">Shapefile</formatName></distFormat><distTranOps><transSize Sync="TRUE">0.000</transSize></distTranOps></distInfo><mdHrLv><ScopeCd value="005" Sync="TRUE"></ScopeCd></mdHrLv><mdHrLvName Sync="TRUE">dataset</mdHrLvName><refSysInfo><RefSystem><refSysID><identCode code="4674" Sync="TRUE"></identCode><idCodeSpace Sync="TRUE">EPSG</idCodeSpace><idVersion Sync="TRUE">7.8.3(9.2.0)</idVersion></refSysID></RefSystem></refSysInfo><spatRepInfo><VectSpatRep><geometObjs Name="CNFP_v4_Dissolve"><geoObjTyp><GeoObjTypCd value="002" Sync="TRUE"></GeoObjTypCd></geoObjTyp><geoObjCnt Sync="TRUE">0</geoObjCnt></geometObjs><topLvl><TopoLevCd value="001" Sync="TRUE"></TopoLevCd></topLvl></VectSpatRep></spatRepInfo><spdoinfo><ptvctinf><esriterm Name="CNFP_v4_Dissolve"><efeatyp Sync="TRUE">Simple</efeatyp><efeageom code="4" Sync="TRUE"></efeageom><esritopo Sync="TRUE">FALSE</esritopo><efeacnt Sync="TRUE">0</efeacnt><spindex Sync="TRUE">FALSE</spindex><linrefer Sync="TRUE">TRUE</linrefer></esriterm></ptvctinf></spdoinfo><eainfo><detailed Name="CNFP_v4_Dissolve"><enttyp><enttypl Sync="TRUE">CNFP_v4_Dissolve</enttypl><enttypt Sync="TRUE">Feature Class</enttypt><enttypc Sync="TRUE">0</enttypc></enttyp><attr><attrlabl Sync="TRUE">FID</attrlabl><attalias Sync="TRUE">FID</attalias><attrtype Sync="TRUE">OID</attrtype><attwidth Sync="TRUE">4</attwidth><atprecis Sync="TRUE">0</atprecis><attscale Sync="TRUE">0</attscale><attrdef Sync="TRUE">Internal feature number.</attrdef><attrdefs Sync="TRUE">Esri</attrdefs><attrdomv><udom Sync="TRUE">Sequential unique whole numbers that are automatically generated.</udom></attrdomv></attr><attr><attrlabl Sync="TRUE">Shape</attrlabl><attalias Sync="TRUE">Shape</attalias><attrtype Sync="TRUE">Geometry</attrtype><attwidth Sync="TRUE">0</attwidth><atprecis Sync="TRUE">0</atprecis><attscale Sync="TRUE">0</attscale><attrdef Sync="TRUE">Feature geometry.</attrdef><attrdefs Sync="TRUE">Esri</attrdefs><attrdomv><udom Sync="TRUE">Coordinates defining the features.</udom></attrdomv></attr><attr><attrlabl Sync="TRUE">Bioma</attrlabl><attalias Sync="TRUE">Bioma</attalias><attrtype Sync="TRUE">String</attrtype><attwidth Sync="TRUE">254</attwidth><atprecis Sync="TRUE">0</atprecis><attscale Sync="TRUE">0</attscale></attr><attr><attrlabl Sync="TRUE">CD_Bioma</attrlabl><attalias Sync="TRUE">CD_Bioma</attalias><attrtype Sync="TRUE">Integer</attrtype><attwidth Sync="TRUE">10</attwidth><atprecis Sync="TRUE">10</atprecis><attscale Sync="TRUE">0</attscale></attr><attr><attrlabl Sync="TRUE">categoria</attrlabl><attalias Sync="TRUE">categoria</attalias><attrtype Sync="TRUE">String</attrtype><attwidth Sync="TRUE">40</attwidth><atprecis Sync="TRUE">0</atprecis><attscale Sync="TRUE">0</attscale></attr><attr><attrlabl Sync="TRUE">governo</attrlabl><attalias Sync="TRUE">governo</attalias><attrtype Sync="TRUE">String</attrtype><attwidth Sync="TRUE">20</attwidth><atprecis Sync="TRUE">0</atprecis><attscale Sync="TRUE">0</attscale></attr><attr><attrlabl Sync="TRUE">orgao</attrlabl><attalias Sync="TRUE">orgao</attalias><attrtype Sync="TRUE">String</attrtype><attwidth Sync="TRUE">100</attwidth><atprecis Sync="TRUE">0</atprecis><attscale Sync="TRUE">0</attscale></attr><attr><attrlabl Sync="TRUE">sobreposic</attrlabl><attalias Sync="TRUE">sobreposic</attalias><attrtype Sync="TRUE">String</attrtype><attwidth Sync="TRUE">3</attwidth><atprecis Sync="TRUE">0</atprecis><attscale Sync="TRUE">0</attscale></attr><attr><attrlabl Sync="TRUE">nome</attrlabl><attalias Sync="TRUE">nome</attalias><attrtype Sync="TRUE">String</attrtype><attwidth Sync="TRUE">254</attwidth><atprecis Sync="TRUE">0</atprecis><attscale Sync="TRUE">0</attscale></attr><attr><attrlabl Sync="TRUE">atolegal</attrlabl><attalias Sync="TRUE">atolegal</attalias><attrtype Sync="TRUE">String</attrtype><attwidth Sync="TRUE">254</attwidth><atprecis Sync="TRUE">0</atprecis><attscale Sync="TRUE">0</attscale></attr><attr><attrlabl Sync="TRUE">classe</attrlabl><attalias Sync="TRUE">classe</attalias><attrtype Sync="TRUE">String</attrtype><attwidth Sync="TRUE">30</attwidth><atprecis Sync="TRUE">0</atprecis><attscale Sync="TRUE">0</attscale></attr><attr><attrlabl Sync="TRUE">estagio</attrlabl><attalias Sync="TRUE">estagio</attalias><attrtype Sync="TRUE">String</attrtype><attwidth Sync="TRUE">30</attwidth><atprecis Sync="TRUE">0</atprecis><attscale Sync="TRUE">0</attscale></attr><attr><attrlabl Sync="TRUE">codigo</attrlabl><attalias Sync="TRUE">codigo</attalias><attrtype Sync="TRUE">String</attrtype><attwidth Sync="TRUE">30</attwidth><atprecis Sync="TRUE">0</atprecis><attscale Sync="TRUE">0</attscale></attr><attr><attrlabl Sync="TRUE">ano</attrlabl><attalias Sync="TRUE">ano</attalias><attrtype Sync="TRUE">Integer</attrtype><attwidth Sync="TRUE">10</attwidth><atprecis Sync="TRUE">10</atprecis><attscale Sync="TRUE">0</attscale></attr><attr><attrlabl Sync="TRUE">uf</attrlabl><attalias Sync="TRUE">uf</attalias><attrtype Sync="TRUE">String</attrtype><attwidth Sync="TRUE">4</attwidth><atprecis Sync="TRUE">0</atprecis><attscale Sync="TRUE">0</attscale></attr><attr><attrlabl Sync="TRUE">protecao</attrlabl><attalias Sync="TRUE">protecao</attalias><attrtype Sync="TRUE">String</attrtype><attwidth Sync="TRUE">30</attwidth><atprecis Sync="TRUE">0</atprecis><attscale Sync="TRUE">0</attscale></attr><attr><attrlabl Sync="TRUE">tipo</attrlabl><attalias Sync="TRUE">tipo</attalias><attrtype Sync="TRUE">String</attrtype><attwidth Sync="TRUE">40</attwidth><atprecis Sync="TRUE">0</atprecis><attscale Sync="TRUE">0</attscale></attr><attr><attrlabl Sync="TRUE">comunitari</attrlabl><attalias Sync="TRUE">comunitari</attalias><attrtype Sync="TRUE">String</attrtype><attwidth Sync="TRUE">6</attwidth><atprecis Sync="TRUE">0</atprecis><attscale Sync="TRUE">0</attscale></attr><attr><attrlabl Sync="TRUE">anocriacao</attrlabl><attalias Sync="TRUE">anocriacao</attalias><attrtype Sync="TRUE">Integer</attrtype><attwidth Sync="TRUE">10</attwidth><atprecis Sync="TRUE">10</atprecis><attscale Sync="TRUE">0</attscale></attr><attr><attrlabl Sync="TRUE">observacao</attrlabl><attalias Sync="TRUE">observacao</attalias><attrtype Sync="TRUE">String</attrtype><attwidth Sync="TRUE">200</attwidth><atprecis Sync="TRUE">0</atprecis><attscale Sync="TRUE">0</attscale></attr><attr><attrlabl Sync="TRUE">area_ha</attrlabl><attalias Sync="TRUE">area_ha</attalias><attrtype Sync="TRUE">Integer</attrtype><attwidth Sync="TRUE">10</attwidth><atprecis Sync="TRUE">10</atprecis><attscale Sync="TRUE">0</attscale></attr><attr><attrlabl Sync="TRUE">gid</attrlabl><attalias Sync="TRUE">gid</attalias><attrtype Sync="TRUE">Integer</attrtype><attwidth Sync="TRUE">10</attwidth><atprecis Sync="TRUE">10</atprecis><attscale Sync="TRUE">0</attscale></attr><attr><attrlabl Sync="TRUE">cd_id</attrlabl><attalias Sync="TRUE">cd_id</attalias><attrtype Sync="TRUE">Double</attrtype><attwidth Sync="TRUE">19</attwidth><atprecis Sync="TRUE">0</atprecis><attscale Sync="TRUE">0</attscale></attr><attr><attrlabl Sync="TRUE">situacao</attrlabl><attalias Sync="TRUE">situacao</attalias><attrtype Sync="TRUE">String</attrtype><attwidth Sync="TRUE">254</attwidth><atprecis Sync="TRUE">0</atprecis><attscale Sync="TRUE">0</attscale></attr><attr><attrlabl Sync="TRUE">cd_uf</attrlabl><attalias Sync="TRUE">cd_uf</attalias><attrtype Sync="TRUE">Integer</attrtype><attwidth Sync="TRUE">10</attwidth><atprecis Sync="TRUE">10</atprecis><attscale Sync="TRUE">0</attscale></attr><attr><attrlabl Sync="TRUE">area</attrlabl><attalias Sync="TRUE">area</attalias><attrtype Sync="TRUE">Double</attrtype><attwidth Sync="TRUE">19</attwidth><atprecis Sync="TRUE">0</atprecis><attscale Sync="TRUE">0</attscale></attr><attr><attrlabl Sync="TRUE">OBJECTID</attrlabl><attalias Sync="TRUE">OBJECTID</attalias><attrtype Sync="TRUE">Double</attrtype><attwidth Sync="TRUE">19</attwidth><atprecis Sync="TRUE">0</atprecis><attscale Sync="TRUE">0</attscale></attr><attr><attrlabl Sync="TRUE">Shape_Leng</attrlabl><attalias Sync="TRUE">Shape_Leng</attalias><attrtype Sync="TRUE">Double</attrtype><attwidth Sync="TRUE">19</attwidth><atprecis Sync="TRUE">0</atprecis><attscale Sync="TRUE">0</attscale></attr><attr><attrlabl Sync="TRUE">Shape_Area</attrlabl><attalias Sync="TRUE">Shape_Area</attalias><attrtype Sync="TRUE">Double</attrtype><attwidth Sync="TRUE">19</attwidth><atprecis Sync="TRUE">0</atprecis><attscale Sync="TRUE">0</attscale><attrdef Sync="TRUE">Area of feature in internal units squared.</attrdef><attrdefs Sync="TRUE">Esri</attrdefs><attrdomv><udom Sync="TRUE">Positive real numbers that are automatically generated.</udom></attrdomv></attr></detailed></eainfo><mdDateSt Sync="TRUE">20230420</mdDateSt><mdChar><CharSetCd value="004" Sync="TRUE"></CharSetCd></mdChar></metadata>
