sg_ue,cd_municipio_ibge,nome_municipio,uf,icat_medio,cat_medio_camara
00019,1100106,GUAJARA-MIRIM,RO,19.72,1. péssimo
00035,1100205,PORTO VELHO,RO,17.060526315789474,1. péssimo
00051,1100122,JI-PARANA,RO,15.44125,1. péssimo
00078,1100023,ARIQUEMES,RO,15.225999999999999,1. péssimo
00094,1100049,CACOAL,RO,19.916666666666668,1. péssimo
00116,1100189,PIMENTA BUENO,RO,14.28875,1. péssimo
00132,1100304,VILHENA,RO,16.184615384615384,1. péssimo
00159,1100114,JARU,RO,21.666,1. péssimo
00175,1100155,OURO PRETO DO OESTE,RO,13.064545454545454,1. péssimo
00191,1100254,PRESIDENTE MEDICI,RO,14.459999999999999,1. péssimo
00213,1100080,COSTA MARQUES,RO,17.33875,1. péssimo
00230,1100064,COLORADO DO OESTE,RO,15.774545454545454,1. péssimo
00256,1100098,ESPIGAO D'OESTE,RO,18.227272727272727,1. péssimo
00272,1100056,CEREJEIRAS,RO,19.407777777777778,1. péssimo
00299,1100288,ROLIM DE MOURA,RO,15.455714285714285,1. péssimo
00310,1100015,ALTA FLORESTA DOESTE,RO,12.7625,1. péssimo
00337,1100346,ALVORADA D'OESTE,RO,14.743333333333332,1. péssimo
00353,1100296,SANTA LUZIA D'OESTE,RO,19.24222222222222,1. péssimo
00370,1100148,NOVA BRASILANDIA D'OESTE,RO,17.76875,1. péssimo
00396,1100130,MACHADINHO D'OESTE,RO,17.633636363636363,1. péssimo
00418,1100320,SAO MIGUEL DO GUAPORE,RO,17.58,1. péssimo
00434,1100338,NOVA MAMORE,RO,19.631818181818183,1. péssimo
00450,1100031,CABIXI,RO,15.904444444444444,1. péssimo
00477,1100809,CANDEIAS DO JAMARI,RO,19.26181818181818,1. péssimo
00493,1101104,ITAPUA DO OESTE,RO,21.615555555555556,1. péssimo
00515,1100502,NOVO HORIZONTE DO OESTE,RO,16.63888888888889,1. péssimo
00531,1100908,CASTANHEIRAS,RO,24.124444444444446,1. péssimo
00558,1101807,VALE DO PARAISO,RO,16.043333333333333,1. péssimo
00566,1101708,URUPA,RO,15.62375,1. péssimo
00574,1101302,MIRANTE DA SERRA,RO,39.32,2. ruim
00582,1101500,SERINGUEIRAS,RO,16.67111111111111,1. péssimo
00590,1101609,THEOBROMA,RO,17.328888888888887,1. péssimo
00604,1101203,MINISTRO ANDREAZZA,RO,16.33222222222222,1. péssimo
00612,1101005,GOVERNADOR JORGE TEIXEIRA,RO,17.76888888888889,1. péssimo
00620,1100601,CACAULANDIA,RO,14.744444444444445,1. péssimo
00639,1100403,ALTO PARAISO,RO,15.168888888888889,1. péssimo
00647,1100262,RIO CRESPO,RO,13.922222222222222,1. péssimo
00655,1100072,CORUMBIARA,RO,24.287142857142857,1. péssimo
00663,1101401,MONTE NEGRO,RO,17.715555555555557,1. péssimo
00671,1100700,CAMPO NOVO DE RONDONIA,RO,15.975555555555555,1. péssimo
00680,1100940,CUJUBIM,RO,16.232222222222223,1. péssimo
00698,1101757,VALE DO ANARI,RO,20.797777777777778,1. péssimo
00701,1101450,PARECIS,RO,16.31111111111111,1. péssimo
00710,1101484,SAO FELIPE D'OESTE,RO,19.18777777777778,1. péssimo
00728,1101476,PRIMAVERA DE RONDONIA,RO,15.612222222222222,1. péssimo
00736,1100379,ALTO ALEGRE DOS PARECIS,RO,15.453333333333333,1. péssimo
00744,1101435,NOVA UNIAO,RO,24.38,1. péssimo
00752,1101559,TEIXEIROPOLIS,RO,36.068888888888885,2. ruim
00779,1100452,BURITIS,RO,14.26909090909091,1. péssimo
00787,1101468,PIMENTEIRAS DO OESTE,RO,15.526666666666667,1. péssimo
00795,1101492,SAO FRANCISCO DO GUAPORE,RO,22.946666666666665,1. péssimo
00809,1100924,CHUPINGUAIA,RO,16.31875,1. péssimo
01007,1200138,BUJARI,AC,32.593333333333334,2. ruim
01015,1200179,CAPIXABA,AC,14.096666666666666,1. péssimo
01023,1200807,PORTO ACRE,AC,17.193333333333335,1. péssimo
01031,1200435,SANTA ROSA DO PURUS,AC,25.851111111111113,2. ruim
01040,1200351,MARECHAL THAUMATURGO,AC,29.812727272727273,2. ruim
01058,1200104,BRASILEIA,AC,21.792727272727273,1. péssimo
01066,1200393,PORTO WALTER,AC,17.695555555555558,1. péssimo
01074,1200203,CRUZEIRO DO SUL,AC,21.905714285714286,1. péssimo
01082,1200427,RODRIGUES ALVES,AC,17.8,1. péssimo
01090,1200336,MANCIO LIMA,AC,16.919090909090908,1. péssimo
01104,1200328,JORDAO,AC,30.453333333333333,2. ruim
01112,1200252,EPITACIOLANDIA,AC,21.513636363636362,1. péssimo
01120,1200013,ACRELANDIA,AC,19.126666666666665,1. péssimo
01139,1200302,FEIJO,AC,25.052307692307693,2. ruim
01392,1200401,RIO BRANCO,AC,18.89190476190476,1. péssimo
01457,1200500,SENA MADUREIRA,AC,16.53076923076923,1. péssimo
01473,1200609,TARAUACA,AC,41.27230769230769,2. ruim
01490,1200708,XAPURI,AC,24.80666666666667,1. péssimo
01511,1200385,PLACIDO DE CASTRO,AC,18.107272727272726,1. péssimo
01538,1200450,SENADOR GUIOMARD,AC,17.41090909090909,1. péssimo
01554,1200344,MANOEL URBANO,AC,17.94,1. péssimo
01570,1200054,ASSIS BRASIL,AC,29.135555555555555,2. ruim
02003,1300144,APUI,AM,15.209090909090909,1. péssimo
02011,1303205,NOVO AIRAO,AM,17.86888888888889,1. péssimo
02020,1301654,GUAJARA,AM,15.167777777777777,1. péssimo
02038,1300102,ANORI,AM,17.472727272727273,1. péssimo
02046,1301159,CAREIRO DA VARZEA,AM,15.291818181818181,1. péssimo
02054,1300201,ATALAIA DO NORTE,AM,22.779090909090908,1. péssimo
02070,1300300,AUTAZES,AM,19.543333333333333,1. péssimo
02097,1300409,BARCELOS,AM,27.646363636363635,2. ruim
02119,1300508,BARREIRINHA,AM,23.900909090909092,1. péssimo
02135,1300607,BENJAMIN CONSTANT,AM,25.64076923076923,2. ruim
02151,1300706,BOCA DO ACRE,AM,25.864166666666666,2. ruim
02178,1300805,BORBA,AM,24.63083333333333,1. péssimo
02194,1300904,CANUTAMA,AM,22.527272727272727,1. péssimo
02216,1301001,CARAUARI,AM,19.61090909090909,1. péssimo
02232,1301100,CAREIRO,AM,17.105833333333333,1. péssimo
02259,1301209,COARI,AM,16.762666666666668,1. péssimo
02275,1301308,CODAJAS,AM,16.79909090909091,1. péssimo
02291,1301407,EIRUNEPE,AM,54.06,3. regular
02313,1301506,ENVIRA,AM,16.401818181818182,1. péssimo
02330,1301605,FONTE BOA,AM,41.58181818181818,2. ruim
02356,1301704,HUMAITA,AM,24.424,1. péssimo
02372,1303601,SANTA ISABEL DO RIO NEGRO,AM,15.996363636363636,1. péssimo
02399,1301803,IPIXUNA,AM,16.26,1. péssimo
02410,1301902,ITACOATIARA,AM,20.88285714285714,1. péssimo
02437,1302009,ITAPIRANGA,AM,30.586666666666666,2. ruim
02453,1302108,JAPURA,AM,17.344444444444445,1. péssimo
02470,1302207,JURUA,AM,24.108888888888888,1. péssimo
02496,1302306,JUTAI,AM,30.927272727272726,2. ruim
02518,1302405,LABREA,AM,16.40153846153846,1. péssimo
02534,1302504,MANACAPURU,AM,17.104761904761904,1. péssimo
02550,1302603,MANAUS,AM,24.08942857142857,1. péssimo
02577,1302702,MANICORE,AM,18.386,1. péssimo
02593,1302801,MARAA,AM,17.445454545454545,1. péssimo
02615,1302900,MAUES,AM,26.207333333333334,2. ruim
02631,1303007,NHAMUNDA,AM,16.806363636363635,1. péssimo
02658,1303106,NOVA OLINDA DO NORTE,AM,16.533,1. péssimo
02674,1303304,NOVO ARIPUANA,AM,17.993636363636362,1. péssimo
02690,1303403,PARINTINS,AM,17.883846153846154,1. péssimo
02712,1303502,PAUINI,AM,19.921818181818182,1. péssimo
02739,1303700,SANTO ANTONIO DO ICA,AM,26.81,2. ruim
02755,1303908,SAO PAULO DE OLIVENCA,AM,17.712222222222223,1. péssimo
02771,1304005,SILVES,AM,16.68,1. péssimo
02798,1304104,TAPAUA,AM,15.827272727272726,1. péssimo
02810,1304203,TEFE,AM,24.547333333333334,1. péssimo
02836,1303809,SAO GABRIEL DA CACHOEIRA,AM,45.81384615384616,2. ruim
02852,1304302,URUCARA,AM,20.549090909090907,1. péssimo
02879,1304401,URUCURITUBA,AM,33.60727272727273,2. ruim
02895,1300029,ALVARAES,AM,26.99909090909091,2. ruim
02917,1300060,AMATURA,AM,18.62,1. péssimo
02933,1300086,ANAMA,AM,17.8,1. péssimo
02950,1300631,BERURI,AM,20.905454545454546,1. péssimo
02976,1300680,BOA VISTA DO RAMOS,AM,16.087272727272726,1. péssimo
02992,1300839,CAAPIRANGA,AM,21.77111111111111,1. péssimo
03000,1400233,CAROEBE,RR,14.333333333333334,1. péssimo
03018,1400100,BOA VISTA,RR,23.521428571428572,1. péssimo
03026,1400282,IRACEMA,RR,24.543333333333333,1. péssimo
03034,1400209,CARACARAI,RR,24.495454545454546,1. péssimo
03042,1400027,AMAJARI,RR,28.373333333333335,2. ruim
03050,1400050,ALTO ALEGRE,RR,21.91090909090909,1. péssimo
03069,1400175,CANTA,RR,20.084444444444443,1. péssimo
03077,1400159,BONFIM,RR,23.975555555555555,1. péssimo
03085,1400472,RORAINOPOLIS,RR,29.566153846153846,2. ruim
03093,1400308,MUCAJAI,RR,30.784545454545455,2. ruim
03107,1400704,UIRAMUTA,RR,42.51555555555556,2. ruim
03115,1400407,NORMANDIA,RR,18.02,1. péssimo
03123,1400456,PACARAIMA,RR,21.23181818181818,1. péssimo
03131,1400506,SAO JOAO DA BALIZA,RR,21.32,1. péssimo
03158,1400605,SAO LUIZ,RR,19.406666666666666,1. péssimo
04006,1503093,GOIANESIA DO PARA,PA,18.625454545454545,1. péssimo
04014,1500107,ABAETETUBA,PA,20.564666666666668,1. péssimo
04022,1507953,TAILANDIA,PA,28.493846153846153,2. ruim
04030,1500206,ACARA,PA,40.00066666666667,2. ruim
04049,1501576,BOM JESUS DO TOCANTINS,PA,31.544545454545453,2. ruim
04057,1500305,AFUA,PA,21.76090909090909,1. péssimo
04065,1507474,SAO JOAO DE PIRABAS,PA,31.575454545454544,2. ruim
04073,1500404,ALENQUER,PA,26.688,2. ruim
04081,1508084,TUCUMA,PA,25.746153846153845,2. ruim
04090,1500503,ALMEIRIM,PA,23.24,1. péssimo
04103,1504059,MAE DO RIO,PA,21.27769230769231,1. péssimo
04111,1500602,ALTAMIRA,PA,28.18,2. ruim
04120,1502954,ELDORADO DOS CARAJAS,PA,23.91090909090909,1. péssimo
04138,1500701,ANAJAS,PA,28.145454545454545,2. ruim
04146,1506559,SANTA LUZIA DO PARA,PA,34.517272727272726,2. ruim
04154,1500800,ANANINDEUA,PA,28.347272727272728,2. ruim
04162,1505494,PALESTINA DO PARA,PA,23.988888888888887,1. péssimo
04170,1500909,AUGUSTO CORREA,PA,23.555384615384618,1. péssimo
04189,1503457,IPIXUNA DO PARA,PA,35.32692307692307,2. ruim
04197,1501006,AVEIRO,PA,26.286,2. ruim
04200,1503754,JACAREACANGA,PA,31.39,2. ruim
04219,1501105,BAGRE,PA,24.762307692307694,1. péssimo
04227,1501725,BRASIL NOVO,PA,17.913636363636364,1. péssimo
04235,1501204,BAIAO,PA,26.445333333333334,2. ruim
04243,1506351,SANTA BARBARA DO PARA,PA,27.37181818181818,2. ruim
04251,1501303,BARCARENA,PA,22.923333333333336,1. péssimo
04260,1500347,AGUA AZUL DO NORTE,PA,16.563636363636363,1. péssimo
04278,1501402,BELEM,PA,33.68714285714286,2. ruim
04286,1508050,TRAIRAO,PA,21.632727272727273,1. péssimo
04294,1501501,BENEVIDES,PA,30.123076923076923,2. ruim
04308,1505551,PAU D'ARCO,PA,35.632222222222225,2. ruim
04316,1501600,BONITO,PA,27.89666666666667,2. ruim
04324,1508126,ULIANOPOLIS,PA,16.063076923076924,1. péssimo
04332,1501709,BRAGANCA,PA,24.917368421052632,1. péssimo
04340,1500958,AURORA DO PARA,PA,30.46818181818182,2. ruim
04359,1501808,BREVES,PA,27.62470588235294,2. ruim
04367,1507979,TERRA SANTA,PA,19.538,1. péssimo
04375,1501907,BUJARU,PA,32.18454545454545,2. ruim
04383,1505031,NOVO PROGRESSO,PA,15.48090909090909,1. péssimo
04391,1502004,CACHOEIRA DO ARARI,PA,18.193636363636365,1. péssimo
04405,1508357,VITORIA DO XINGU,PA,38.39666666666667,2. ruim
04413,1502103,CAMETA,PA,32.171176470588236,2. ruim
04421,1505064,NOVO REPARTIMENTO,PA,26.328666666666667,2. ruim
04430,1502202,CAPANEMA,PA,29.353636363636365,2. ruim
04448,1501782,BREU BRANCO,PA,21.26153846153846,1. péssimo
04456,1502301,CAPITAO POCO,PA,27.832666666666665,2. ruim
04464,1507151,SAO DOMINGOS DO ARAGUAIA,PA,22.60818181818182,1. péssimo
04472,1502400,CASTANHAL,PA,30.70904761904762,2. ruim
04480,1504950,NOVA ESPERANCA DO PIRIA,PA,27.79,2. ruim
04499,1502509,CHAVES,PA,27.775454545454544,2. ruim
04502,1500131,ABEL FIGUEIREDO,PA,32.06,2. ruim
04510,1502608,COLARES,PA,25.47111111111111,2. ruim
04529,1502764,CUMARU DO NORTE,PA,21.391111111111112,1. péssimo
04537,1502707,CONCEICAO DO ARAGUAIA,PA,27.71923076923077,2. ruim
04545,1507961,TERRA ALTA,PA,43.81777777777778,2. ruim
04553,1502806,CURRALINHO,PA,17.518461538461537,1. péssimo
04561,1503044,FLORESTA DO ARAGUAIA,PA,23.762727272727272,1. péssimo
04570,1502905,CURUCA,PA,27.056923076923077,2. ruim
04588,1501253,BANNACH,PA,25.218888888888888,2. ruim
04596,1503002,FARO,PA,18.204285714285714,1. péssimo
04600,1504976,NOVA IPIXUNA,PA,31.776666666666667,2. ruim
04618,1503101,GURUPA,PA,29.28909090909091,2. ruim
04626,1505650,PLACAS,PA,17.722727272727273,1. péssimo
04634,1503200,IGARAPE-ACU,PA,18.603846153846153,1. péssimo
04642,1504422,MARITUBA,PA,27.190666666666665,2. ruim
04650,1503309,IGARAPE-MIRI,PA,33.004666666666665,2. ruim
04669,1508035,TRACUATEUA,PA,31.80181818181818,2. ruim
04677,1503408,INHANGAPI,PA,23.253333333333334,1. péssimo
04685,1506112,QUATIPURU,PA,22.375555555555554,1. péssimo
04693,1503507,IRITUIA,PA,36.668461538461536,2. ruim
04707,1502152,CANAA DOS CARAJAS,PA,24.179333333333336,1. péssimo
04715,1503606,ITAITUBA,PA,23.027058823529412,1. péssimo
04723,1500859,ANAPU,PA,24.733076923076922,1. péssimo
04731,1503705,ITUPIRANGA,PA,26.456153846153846,2. ruim
04740,1502855,CURUA,PA,18.16,1. péssimo
04758,1503804,JACUNDA,PA,23.661538461538463,1. péssimo
04766,1501956,CACHOEIRA DO PIRIA,PA,36.52,2. ruim
04774,1503903,JURUTI,PA,21.625333333333334,1. péssimo
04782,1505635,PICARRA,PA,23.483333333333334,1. péssimo
04790,1504000,LIMOEIRO DO AJURU,PA,29.724545454545456,2. ruim
04804,1501451,BELTERRA,PA,23.113636363636363,1. péssimo
04812,1504109,MAGALHAES BARATA,PA,34.07333333333333,2. ruim
04820,1507466,SAO JOAO DA PONTA,PA,18.732222222222223,1. péssimo
04839,1504208,MARABA,PA,24.693809523809524,1. péssimo
04847,1507755,SAPUCAIA,PA,26.13,2. ruim
04855,1504307,MARACANA,PA,24.81,1. péssimo
04863,1504752,MOJUI DOS CAMPOS,PA,18.437272727272727,1. péssimo
04871,1504406,MARAPANIM,PA,24.982727272727274,1. péssimo
04898,1504505,MELGACO,PA,19.874545454545455,1. péssimo
04910,1504604,MOCAJUBA,PA,34.96727272727273,2. ruim
04936,1504703,MOJU,PA,31.50764705882353,2. ruim
04952,1504802,MONTE ALEGRE,PA,17.984,1. péssimo
04979,1504901,MUANA,PA,31.002307692307692,2. ruim
04995,1505007,NOVA TIMBOTEUA,PA,34.48111111111111,2. ruim
05010,1505106,OBIDOS,PA,23.666666666666668,1. péssimo
05037,1505205,OEIRAS DO PARA,PA,25.515555555555554,2. ruim
05053,1505304,ORIXIMINA,PA,27.337333333333333,2. ruim
05070,1505403,OUREM,PA,29.831818181818182,2. ruim
05096,1505502,PARAGOMINAS,PA,25.728666666666665,2. ruim
05118,1505601,PEIXE-BOI,PA,17.932222222222222,1. péssimo
05134,1505700,PONTA DE PEDRAS,PA,33.38,2. ruim
05150,1505809,PORTEL,PA,28.918666666666667,2. ruim
05177,1505908,PORTO DE MOZ,PA,30.615384615384617,2. ruim
05193,1506005,PRAINHA,PA,24.393076923076922,1. péssimo
05215,1506104,PRIMAVERA,PA,41.03111111111111,2. ruim
05231,1506203,SALINOPOLIS,PA,17.813076923076924,1. péssimo
05258,1506302,SALVATERRA,PA,31.865454545454543,2. ruim
05274,1506401,SANTA CRUZ DO ARARI,PA,29.346666666666668,2. ruim
05290,1506500,SANTA ISABEL DO PARA,PA,20.53,1. péssimo
05312,1506609,SANTA MARIA DO PARA,PA,28.01727272727273,2. ruim
05339,1506708,SANTANA DO ARAGUAIA,PA,22.53153846153846,1. péssimo
05355,1506807,SANTAREM,PA,23.071739130434782,1. péssimo
05371,1506906,SANTAREM NOVO,PA,17.264444444444443,1. péssimo
05398,1507003,SANTO ANTONIO DO TAUA,PA,22.933,1. péssimo
05410,1507102,SAO CAETANO DE ODIVELAS,PA,24.67,1. péssimo
05436,1507201,SAO DOMINGOS DO CAPIM,PA,31.97888888888889,2. ruim
05452,1507300,SAO FELIX DO XINGU,PA,16.468666666666667,1. péssimo
05479,1507409,SAO FRANCISCO DO PARA,PA,45.013333333333335,2. ruim
05495,1507508,SAO JOAO DO ARAGUAIA,PA,33.00555555555555,2. ruim
05517,1507607,SAO MIGUEL DO GUAMA,PA,31.980666666666668,2. ruim
05533,1507706,SAO SEBASTIAO DA BOA VISTA,PA,38.95545454545454,2. ruim
05550,1507805,SENADOR JOSE PORFIRIO,PA,21.47222222222222,1. péssimo
05576,1507904,SOURE,PA,22.367272727272727,1. péssimo
05592,1508001,TOME-ACU,PA,26.324666666666666,2. ruim
05614,1508100,TUCURUI,PA,18.09294117647059,1. péssimo
05630,1508209,VIGIA,PA,27.086,2. ruim
05657,1508308,VISEU,PA,23.89076923076923,1. péssimo
05673,1506138,REDENCAO,PA,21.917333333333332,1. péssimo
05690,1506161,RIO MARIA,PA,35.43181818181818,2. ruim
05711,1508407,XINGUARA,PA,21.657333333333334,1. péssimo
05738,1506187,RONDON DO PARA,PA,26.93,2. ruim
05754,1508159,URUARA,PA,19.688,1. péssimo
05770,1504455,MEDICILANDIA,PA,21.074545454545454,1. péssimo
05797,1507458,SAO GERALDO DO ARAGUAIA,PA,21.996363636363636,1. péssimo
05819,1502756,CONCORDIA DO PARA,PA,37.16818181818182,2. ruim
05835,1505536,PARAUAPEBAS,PA,36.40470588235294,2. ruim
05851,1502772,CURIONOPOLIS,PA,16.37909090909091,1. péssimo
05878,1503077,GARRAFAO DO NORTE,PA,19.445454545454545,1. péssimo
05894,1506195,RUROPOLIS,PA,20.426153846153845,1. péssimo
05916,1505486,PACAJA,PA,18.233076923076922,1. péssimo
05932,1501758,BREJO GRANDE DO ARAGUAIA,PA,32.056666666666665,2. ruim
05959,1505437,OURILANDIA DO NORTE,PA,14.829230769230769,1. péssimo
05975,1502939,DOM ELISEU,PA,22.589333333333332,1. péssimo
05991,1506583,SANTA MARIA DAS BARREIRAS,PA,22.10090909090909,1. péssimo
06009,1600550,PRACUUBA,AP,14.786666666666667,1. péssimo
06017,1600105,AMAPA,AP,34.64222222222222,2. ruim
06025,1600535,PORTO GRANDE,AP,31.424545454545456,2. ruim
06033,1600204,CALCOENE,AP,29.721111111111114,2. ruim
06041,1600253,ITAUBAL,AP,36.068888888888885,2. ruim
06050,1600303,MACAPA,AP,33.60739130434783,2. ruim
06068,1600212,CUTIAS,AP,31.816666666666666,2. ruim
06076,1600402,MAZAGAO,AP,35.192727272727275,2. ruim
06084,1600154,PEDRA BRANCA DO AMAPARI,AP,21.843333333333334,1. péssimo
06092,1600501,OIAPOQUE,AP,31.00181818181818,2. ruim
06106,1600055,SERRA DO NAVIO,AP,25.293333333333333,2. ruim
06114,1600238,FERREIRA GOMES,AP,22.885555555555555,1. péssimo
06122,1600808,VITORIA DO JARI,AP,21.142222222222223,1. péssimo
06130,1600279,LARANJAL DO JARI,AP,37.34230769230769,2. ruim
06157,1600600,SANTANA,AP,32.909333333333336,2. ruim
06173,1600709,TARTARUGALZINHO,AP,20.06888888888889,1. péssimo
07021,2100436,ALTO ALEGRE DO MARANHAO,MA,22.313636363636363,1. péssimo
07030,2100204,ALCANTARA,MA,40.85818181818182,2. ruim
07048,2100477,ALTO ALEGRE DO PINDARE,MA,29.88,2. ruim
07064,2100832,APICUM-ACU,MA,21.668,1. péssimo
07072,2100402,ALTAMIRA DO MARANHAO,MA,13.07,1. péssimo
07080,2100550,AMAPA DO MARANHAO,MA,28.10222222222222,2. ruim
07099,2100501,ALTO PARNAIBA,MA,17.13222222222222,1. péssimo
07102,2100873,ARAGUANA,MA,15.31111111111111,1. péssimo
07110,2100600,AMARANTE DO MARANHAO,MA,31.155384615384616,2. ruim
07129,2101251,BACABEIRA,MA,33.64888888888889,2. ruim
07137,2100709,ANAJATUBA,MA,24.528181818181817,1. péssimo
07145,2101350,BACURITUBA,MA,32.63111111111111,2. ruim
07188,2101772,BELA VISTA DO MARANHAO,MA,30.932222222222222,2. ruim
07196,2101004,ARARI,MA,26.874,2. ruim
07200,2101939,BERNARDO DO MEARIM,MA,43.49333333333333,2. ruim
07218,2101103,AXIXA,MA,39.964999999999996,2. ruim
07226,2102374,CACHOEIRA GRANDE,MA,33.08,2. ruim
07234,2101202,BACABAL,MA,24.365882352941178,1. péssimo
07242,2103752,DAVINOPOLIS,MA,26.6275,2. ruim
07250,2101301,BACURI,MA,27.405454545454543,2. ruim
07269,2102036,BOM JESUS DAS SELVAS,MA,44.84090909090909,2. ruim
07277,2101400,BALSAS,MA,25.52294117647059,2. ruim
07285,2102077,BOM LUGAR,MA,16.023636363636363,1. péssimo
07307,2102150,BREJO DE AREIA,MA,16.240000000000002,1. péssimo
07315,2101608,BARRA DO CORDA,MA,27.924705882352942,2. ruim
07323,2101970,BOA VISTA DO GURUPI,MA,34.44222222222222,2. ruim
07340,2102325,BURITICUPU,MA,22.573333333333334,1. péssimo
07358,2101806,BENEDITO LEITE,MA,42.946666666666665,2. ruim
07366,2102358,BURITIRANA,MA,16.41,1. péssimo
07374,2101905,BEQUIMAO,MA,31.372,2. ruim
07382,2102556,CAMPESTRE DO MARANHAO,MA,31.232222222222223,2. ruim
07404,2102754,CAPINZAL DO NORTE,MA,34.53111111111111,2. ruim
07420,2103125,CENTRAL DO MARANHAO,MA,34.09888888888889,2. ruim
07439,2102309,BURITI BRAVO,MA,45.041818181818186,2. ruim
07447,2103158,CENTRO DO GUILHERME,MA,12.858888888888888,1. péssimo
07455,2102408,CAJAPIO,MA,25.217777777777776,2. ruim
07463,2103174,CENTRO NOVO DO MARANHAO,MA,19.901818181818182,1. péssimo
07471,2102507,CAJARI,MA,26.12666666666667,2. ruim
07480,2103257,CIDELANDIA,MA,37.40555555555556,2. ruim
07498,2102606,CANDIDO MENDES,MA,43.04454545454546,2. ruim
07501,2103554,CONCEICAO DO LAGO-ACU,MA,20.063333333333333,1. péssimo
07510,2102705,CANTANHEDE,MA,32.97636363636364,2. ruim
07528,2104073,FEIRA NOVA DO MARANHAO,MA,31.816666666666666,2. ruim
07536,2102804,CAROLINA,MA,40.50545454545455,2. ruim
07544,2104081,FERNANDO FALCAO,MA,47.903333333333336,2. ruim
07552,2102903,CARUTAPERA,MA,33.46454545454545,2. ruim
07560,2104099,FORMOSA DA SERRA NEGRA,MA,15.112727272727273,1. péssimo
07595,2103109,CEDRAL,MA,40.09111111111111,2. ruim
07609,2104552,GOVERNADOR EDISON LOBAO,MA,25.166363636363634,2. ruim
07625,2104628,GOVERNADOR LUIZ ROCHA,MA,37.306666666666665,2. ruim
07633,2103307,CODO,MA,26.074375,2. ruim
07641,2104651,GOVERNADOR NEWTON BELLO,MA,19.514444444444443,1. péssimo
07668,2104677,GOVERNADOR NUNES FREIRE,MA,27.746363636363636,2. ruim
07676,2103505,COLINAS,MA,39.95,2. ruim
07684,2105153,IGARAPE DO MEIO,MA,8.86,1. péssimo
07692,2103604,COROATA,MA,43.38933333333333,2. ruim
07706,2105351,ITAIPAVA DO GRAJAU,MA,55.37777777777778,3. regular
07714,2103703,CURURUPU,MA,42.424615384615386,2. ruim
07722,2105427,ITINGA DO MARANHAO,MA,25.60909090909091,2. ruim
07730,2103802,DOM PEDRO,MA,49.16,2. ruim
07749,2105450,JATOBA,MA,21.48111111111111,1. péssimo
07765,2105476,JENIPAPO DOS VIEIRAS,MA,38.553636363636365,2. ruim
07773,2104008,ESPERANTINOPOLIS,MA,24.578181818181818,1. péssimo
07781,2105658,JUNCO DO MARANHAO,MA,57.43,3. regular
07790,2104107,FORTALEZA DOS NOGUEIRAS,MA,18.497777777777777,1. péssimo
07803,2105948,LAGO DOS RODRIGUES,MA,52.49333333333333,3. regular
07811,2104206,FORTUNA,MA,34.52272727272727,2. ruim
07838,2104305,GODOFREDO VIANA,MA,39.58555555555556,2. ruim
07846,2105963,LAGOA GRANDE DO MARANHAO,MA,41.94777777777777,2. ruim
07854,2104404,GONCALVES DIAS,MA,44.24545454545454,2. ruim
07862,2105989,LAJEADO NOVO,MA,15.205555555555556,1. péssimo
07870,2104503,GOVERNADOR ARCHER,MA,36.23888888888889,2. ruim
07889,2106326,MARACACUME,MA,31.536363636363635,2. ruim
07897,2104602,GOVERNADOR EUGENIO BARROS,MA,15.73,1. péssimo
07900,2106359,MARAJA DO SENA,MA,20.317777777777778,1. péssimo
07919,2104701,GRACA ARANHA,MA,29.79,2. ruim
07927,2106375,MARANHAOZINHO,MA,15.06111111111111,1. péssimo
07935,2104800,GRAJAU,MA,19.75,1. péssimo
07943,2106631,MATOES DO NORTE,MA,41.093333333333334,2. ruim
07951,2104909,GUIMARAES,MA,32.05444444444444,2. ruim
07986,2107258,NOVA COLINAS,MA,16.400000000000002,1. péssimo
07994,2105104,ICATU,MA,29.153636363636362,2. ruim
08001,2107357,NOVA OLINDA DO MARANHAO,MA,14.427272727272728,1. péssimo
08010,2105203,IGARAPE GRANDE,MA,35.016666666666666,2. ruim
08028,2107456,OLINDA NOVA DO MARANHAO,MA,34.57666666666667,2. ruim
08036,2105302,IMPERATRIZ,MA,27.782105263157895,2. ruim
08052,2111409,SAO LUIS GONZAGA DO MARANHAO,MA,41.45,2. ruim
08060,2108256,PEDRO DO ROSARIO,MA,64.26,4. bom
08079,2105401,ITAPECURU MIRIM,MA,20.7,1. péssimo
08087,2108454,PERITORO,MA,28.202727272727273,2. ruim
08095,2105500,JOAO LISBOA,MA,17.66,1. péssimo
08109,2109056,PORTO RICO DO MARANHAO,MA,19.485555555555553,1. péssimo
08117,2105609,JOSELANDIA,MA,16.799090909090907,1. péssimo
08125,2109239,PRESIDENTE MEDICI,MA,21.366666666666667,1. péssimo
08133,2105708,LAGO DA PEDRA,MA,24.323076923076925,1. péssimo
08141,2109270,PRESIDENTE SARNEY,MA,35.407272727272726,2. ruim
08150,2105807,LAGO DO JUNCO,MA,54.92444444444445,3. regular
08168,2109452,RAPOSA,MA,36.31666666666667,2. ruim
08176,2105906,LAGO VERDE,MA,24.556363636363635,1. péssimo
08184,2109551,RIBAMAR FIQUENE,MA,41.723333333333336,2. ruim
08192,2106003,LIMA CAMPOS,MA,16.064444444444444,1. péssimo
08206,2109759,SANTA FILOMENA DO MARANHAO,MA,24.615555555555556,1. péssimo
08214,2106102,LORETO,MA,28.96222222222222,2. ruim
08230,2106201,LUIS DOMINGUES,MA,25.85222222222222,2. ruim
08265,2110658,SAO DOMINGOS DO AZEITAO,MA,21.107499999999998,1. péssimo
08281,2110856,SAO FRANCISCO DO BREJAO,MA,21.861428571428572,1. péssimo
08290,2106508,MATINHA,MA,37.45363636363636,2. ruim
08303,2111029,SAO JOAO DO CARU,MA,14.780909090909091,1. péssimo
08320,2111052,SAO JOAO DO PARAISO,MA,16.15,1. péssimo
08338,2106706,MIRADOR,MA,30.505,2. ruim
08346,2111078,SAO JOAO DO SOTER,MA,52.62,3. regular
08354,2106805,MIRINZAL,MA,34.26888888888889,2. ruim
08362,2111250,SAO JOSE DOS BASILIOS,MA,36.80222222222223,2. ruim
08370,2106904,MONCAO,MA,22.185384615384617,1. péssimo
08389,2111532,SAO PEDRO DA AGUA BRANCA,MA,13.156666666666666,1. péssimo
08397,2107001,MONTES ALTOS,MA,17.20111111111111,1. péssimo
08400,2111573,SAO PEDRO DOS CRENTES,MA,13.035555555555556,1. péssimo
08419,2107100,MORROS,MA,26.97272727272727,2. ruim
08427,2111631,SAO RAIMUNDO DO DOCA BEZERRA,MA,22.68888888888889,1. péssimo
08443,2111672,SAO ROBERTO,MA,36.81111111111111,2. ruim
08451,2107308,NOVA IORQUE,MA,31.142222222222223,2. ruim
08460,2111722,SATUBINHA,MA,9.59,1. péssimo
08478,2107407,OLHO D'AGUA DAS CUNHAS,MA,25.915454545454548,2. ruim
08486,2111748,SENADOR ALEXANDRE COSTA,MA,34.53111111111111,2. ruim
08494,2107506,PACO DO LUMIAR,MA,26.044117647058822,2. ruim
08508,2111763,SENADOR LA ROCQUE,MA,37.87444444444444,2. ruim
08516,2107605,PALMEIRANDIA,MA,26.86090909090909,2. ruim
08524,2111789,SERRANO DO MARANHAO,MA,28.636666666666667,2. ruim
08532,2107704,PARAIBANO,MA,24.005454545454548,1. péssimo
08567,2112233,TRIZIDELA DO VALE,MA,41.48909090909091,2. ruim
08583,2112274,TUFILANDIA,MA,36.471111111111114,2. ruim
08591,2108009,PASTOS BONS,MA,17.208571428571428,1. péssimo
08605,2112456,TURILANDIA,MA,20.293636363636363,1. péssimo
08613,2108207,PEDREIRAS,MA,31.81153846153846,2. ruim
08621,2112852,VILA NOVA DOS MARTIRIOS,MA,13.487777777777778,1. péssimo
08630,2108306,PENALVA,MA,15.653846153846155,1. péssimo
08656,2108405,PERI MIRIM,MA,18.884444444444444,1. péssimo
08672,2108504,PINDARE-MIRIM,MA,36.49076923076923,2. ruim
08699,2108603,PINHEIRO,MA,23.84125,1. péssimo
08710,2108702,PIO XII,MA,30.39818181818182,2. ruim
08737,2108801,PIRAPEMAS,MA,35.04363636363636,2. ruim
08753,2108900,POCAO DE PEDRAS,MA,58.52272727272727,3. regular
08770,2109007,PORTO FRANCO,MA,39.019090909090906,2. ruim
08796,2109106,PRESIDENTE DUTRA,MA,26.653076923076924,2. ruim
08818,2109205,PRESIDENTE JUSCELINO,MA,23.21333333333333,1. péssimo
08834,2109304,PRESIDENTE VARGAS,MA,30.37666666666667,2. ruim
08877,2109502,RIACHAO,MA,18.33909090909091,1. péssimo
08893,2111201,SAO JOSE DE RIBAMAR,MA,27.07,2. ruim
08915,2109601,ROSARIO,MA,24.900000000000002,1. péssimo
08931,2109700,SAMBAIBA,MA,18.236666666666668,1. péssimo
08958,2109809,SANTA HELENA,MA,15.543846153846154,1. péssimo
08974,2110005,SANTA LUZIA,MA,16.011333333333333,1. péssimo
09016,2110203,SANTA RITA,MA,26.49222222222222,2. ruim
09032,2110302,SANTO ANTONIO DOS LOPES,MA,18.43111111111111,1. péssimo
09075,2110500,SAO BENTO,MA,20.16076923076923,1. péssimo
09113,2110708,SAO DOMINGOS DO MARANHAO,MA,30.533846153846152,2. ruim
09130,2110807,SAO FELIX DE BALSAS,MA,50.30888888888889,3. regular
09172,2111003,SAO JOAO BATISTA,MA,26.982222222222223,2. ruim
09210,2111300,SAO LUIS,MA,33.90354838709678,2. ruim
09237,2111508,SAO MATEUS DO MARANHAO,MA,43.97,2. ruim
09253,2111607,SAO RAIMUNDO DAS MANGABEIRAS,MA,36.95181818181818,2. ruim
09270,2111706,SAO VICENTE FERRER,MA,44.278888888888886,2. ruim
09296,2111805,SITIO NOVO,MA,35.29181818181818,2. ruim
09318,2111904,SUCUPIRA DO NORTE,MA,48.865,2. ruim
09334,2112001,TASSO FRAGOSO,MA,23.432222222222222,1. péssimo
09350,2112100,TIMBIRAS,MA,40.093636363636364,2. ruim
09393,2112308,TUNTUM,MA,39.57769230769231,2. ruim
09415,2112407,TURIACU,MA,36.44307692307692,2. ruim
09474,2112704,VARGEM GRANDE,MA,18.020833333333332,1. péssimo
09490,2112803,VIANA,MA,25.074,2. ruim
09512,2112902,VITORIA DO MEARIM,MA,28.104615384615386,2. ruim
09539,2113009,VITORINO FREIRE,MA,37.79461538461538,2. ruim
09555,2102002,BOM JARDIM,MA,27.662307692307692,2. ruim
09571,2109908,SANTA INES,MA,25.384666666666668,2. ruim
09598,2108108,PAULO RAMOS,MA,24.532727272727275,1. péssimo
09610,2100055,ACAILANDIA,MA,19.565625,1. péssimo
09636,2104057,ESTREITO,MA,23.515384615384615,1. péssimo
09652,2110039,SANTA LUZIA DO PARUA,MA,36.89181818181818,2. ruim
09679,2100956,ARAME,MA,23.46181818181818,1. péssimo
09695,2106755,MIRANDA DO NORTE,MA,24.97909090909091,1. péssimo
09717,2114007,ZE DOCA,MA,28.476666666666663,2. ruim
73008,1700251,ABREULANDIA,TO,44.891111111111115,2. ruim
73016,1717206,PIRAQUE,TO,34.14,2. ruim
73024,1718550,RIACHINHO,TO,15.117777777777778,1. péssimo
73032,1706506,DARCINOPOLIS,TO,14.86,1. péssimo
73040,1713809,PALMEIRAS DO TOCANTINS,TO,29.754444444444445,2. ruim
73059,1712801,MAURILANDIA DO TOCANTINS,TO,19.787777777777777,1. péssimo
73067,1703826,CACHOEIRINHA,TO,29.37,2. ruim
73075,1701051,ANGICO,TO,15.117777777777778,1. péssimo
73083,1715705,PALMEIRANTE,TO,26.43111111111111,2. ruim
73091,1703842,CAMPOS LINDOS,TO,16.353333333333335,1. péssimo
73105,1720150,SAO FELIX DO TOCANTINS,TO,16.185555555555556,1. péssimo
73113,1711951,LAGOA DO TOCANTINS,TO,15.573333333333334,1. péssimo
73121,1703305,BOM JESUS DO TOCANTINS,TO,15.573333333333334,1. péssimo
73130,1718881,SANTA MARIA DO TOCANTINS,TO,14.593333333333334,1. péssimo
73148,1715150,NOVO ALEGRE,TO,26.592222222222222,2. ruim
73156,1718840,SANDOLANDIA,TO,15.433333333333334,1. péssimo
73164,1720937,TAIPAS DO TOCANTINS,TO,17.85,1. péssimo
73172,1715259,NOVO JARDIM,TO,28.53777777777778,2. ruim
73180,1720200,SAO MIGUEL DO TOCANTINS,TO,29.15888888888889,2. ruim
73199,1708254,FORTALEZA DO TABOCAO,TO,39.25888888888889,2. ruim
73202,1710904,ITAPIRATINS,TO,16.11,1. péssimo
73210,1704105,CENTENARIO,TO,12.71888888888889,1. péssimo
73229,1718501,RECURSOLANDIA,TO,21.426666666666666,1. péssimo
73237,1721307,TUPIRATINS,TO,15.433333333333334,1. péssimo
73245,1703602,BRASILANDIA DO TOCANTINS,TO,16.54222222222222,1. péssimo
73253,1711803,JUARINA,TO,15.427777777777777,1. péssimo
73261,1716307,PAU D'ARCO,TO,26.35333333333333,2. ruim
73270,1712702,MATEIROS,TO,15.47857142857143,1. péssimo
73288,1720101,SAO BENTO DO TOCANTINS,TO,23.738888888888887,1. péssimo
73296,1707405,ESPERANTINA,TO,21.907777777777778,1. péssimo
73300,1703867,CARIRI DO TOCANTINS,TO,20.044444444444444,1. péssimo
73318,1702158,ARAGUANA,TO,20.46888888888889,1. péssimo
73326,1703883,CARMOLANDIA,TO,16.50888888888889,1. péssimo
73334,1701309,ARAGOMINAS,TO,33.49444444444445,2. ruim
73342,1713957,MURICILANDIA,TO,13.693333333333333,1. péssimo
73350,1718865,SANTA FE DO ARAGUAIA,TO,23.13222222222222,1. péssimo
73369,1711506,JAU DO TOCANTINS,TO,33.26222222222222,2. ruim
73377,1720853,SUCUPIRA,TO,10.627777777777778,1. péssimo
73385,1711902,LAGOA DA CONFUSAO,TO,18.203636363636363,1. péssimo
73393,1720259,SAO SALVADOR DO TOCANTINS,TO,48.19,2. ruim
73407,1712009,LAJEADO,TO,18,1. péssimo
73415,1718709,RIO DOS BOIS,TO,24.104444444444447,1. péssimo
73423,1703891,CARRASCO BONITO,TO,15.573333333333334,1. péssimo
73431,1718659,RIO DA CONCEICAO,TO,45.17111111111112,2. ruim
73440,1721000,PALMAS,TO,20.523478260869567,1. péssimo
73458,1721257,TUPIRAMA,TO,15.362222222222222,1. péssimo
73466,1715507,OLIVEIRA DE FATIMA,TO,25.78666666666667,2. ruim
73474,1704600,CHAPADA DE AREIA,TO,15.73,1. péssimo
73482,1705102,CHAPADA DA NATIVIDADE,TO,25.04888888888889,2. ruim
73504,1720978,TALISMA,TO,18.608888888888888,1. péssimo
73512,1700301,AGUIARNOPOLIS,TO,15.293333333333333,1. péssimo
73520,1712454,LUZINOPOLIS,TO,15.328888888888889,1. péssimo
73539,1720002,SANTA TEREZINHA DO TOCANTINS,TO,14.626666666666667,1. péssimo
73547,1718899,SANTA RITA DO TOCANTINS,TO,40.95375,2. ruim
73555,1706258,CRIXAS DO TOCANTINS,TO,12.24,1. péssimo
73563,1713700,MONTE SANTO DO TOCANTINS,TO,13.69,1. péssimo
73571,1718451,PUGMIL,TO,12.324285714285715,1. péssimo
73580,1703057,BANDEIRANTES DO TOCANTINS,TO,16.31888888888889,1. péssimo
73598,1709807,IPUEIRAS,TO,15.688888888888888,1. péssimo
73601,1712157,LAVANDEIRA,TO,16.801111111111112,1. péssimo
73610,1703073,BARRA DO OURO,TO,15.091111111111111,1. péssimo
89788,5103254,COLNIZA,MT,15.977272727272727,1. péssimo
89796,5103205,COLIDER,MT,14.527692307692307,1. péssimo
89800,5103437,CURVELANDIA,MT,24.95777777777778,1. péssimo
89818,5106208,NOVA BRASILANDIA,MT,43.56777777777778,2. ruim
89826,5106190,NOVA SANTA HELENA,MT,15.362222222222222,1. péssimo
89834,5106307,PARANATINGA,MT,14.211818181818181,1. péssimo
89843,5107792,SANTO ANTONIO DO LESTE,MT,19.115555555555556,1. péssimo
89850,5107909,SINOP,MT,14.427333333333333,1. péssimo
89877,5100250,ALTA FLORESTA,MT,18.954,1. péssimo
89893,5101258,ARAPUTANGA,MT,23.686666666666667,1. péssimo
89915,5105002,JAURU,MT,22.607777777777777,1. péssimo
89931,5107107,SAO JOSE DOS QUATRO MARCOS,MT,21.748181818181816,1. péssimo
89958,5107206,RIO BRANCO,MT,19.56,1. péssimo
89960,5107578,RONDOLANDIA,MT,16.325555555555557,1. péssimo
89974,5107750,SALTO DO CEU,MT,13.985555555555555,1. péssimo
89990,5106752,PONTES E LACERDA,MT,12.492222222222223,1. péssimo
90018,5100102,ACORIZAL,MT,26.093333333333334,2. ruim
90026,5107297,SAO JOSE DO POVO,MT,36.42777777777778,2. ruim
90042,5100359,ALTO BOA VISTA,MT,29.36777777777778,2. ruim
90050,5100300,ALTO ARAGUAIA,MT,29.53727272727273,2. ruim
90069,5107065,QUERENCIA,MT,15.192727272727273,1. péssimo
90077,5100409,ALTO GARCAS,MT,18.112222222222222,1. péssimo
90085,5102694,CANABRAVA DO NORTE,MT,20.793333333333333,1. péssimo
90093,5100508,ALTO PARAGUAI,MT,29.391111111111112,2. ruim
90107,5107248,SANTA CARMEM,MT,17.77888888888889,1. péssimo
90123,5108907,NOVA MARINGA,MT,17.897777777777776,1. péssimo
90140,5108808,NOVA GUARITA,MT,14.516666666666666,1. péssimo
90166,5108857,NOVA MARILANDIA,MT,16.081111111111113,1. péssimo
90182,5106851,PORTO ESTRELA,MT,32.68222222222222,2. ruim
90204,5103957,GLORIA D'OESTE,MT,15.604444444444445,1. péssimo
90220,5107941,TABAPORA,MT,12.724444444444444,1. péssimo
90239,5101209,ARAGUAINHA,MT,19.32111111111111,1. péssimo
90247,5107354,SAO JOSE DO XINGU,MT,31.63888888888889,2. ruim
90255,5101308,ARENAPOLIS,MT,16.081111111111113,1. péssimo
90263,5100805,APIACAS,MT,13.926666666666668,1. péssimo
90271,5101407,ARIPUANA,MT,14.523636363636363,1. péssimo
90280,5103353,CONFRESA,MT,19.894545454545455,1. péssimo
90301,5105234,LAMBARI D'OESTE,MT,20.605555555555554,1. péssimo
90310,5101605,BARAO DE MELGACO,MT,16.675,1. péssimo
90328,5107263,SANTO AFONSO,MT,13.413333333333332,1. péssimo
90336,5101704,BARRA DO BUGRES,MT,13.09,1. péssimo
90344,5106455,PLANALTO DA SERRA,MT,23.84777777777778,1. péssimo
90352,5101803,BARRA DO GARCAS,MT,17.813846153846153,1. péssimo
90360,5108956,NOVA MONTE VERDE,MT,15.7,1. péssimo
90387,5106158,NOVA BANDEIRANTES,MT,13.797777777777778,1. péssimo
90425,5103379,COTRIGUACU,MT,13.973333333333333,1. péssimo
90441,5107198,RIBEIRAOZINHO,MT,42.57222222222222,2. ruim
90468,5101902,BRASNORTE,MT,23.061818181818182,1. péssimo
90476,5102504,CACERES,MT,30.726666666666667,2. ruim
90484,5102637,CAMPO NOVO DO PARECIS,MT,21.682222222222222,1. péssimo
90506,5102678,CAMPO VERDE,MT,18.548461538461538,1. péssimo
90522,5103056,CLAUDIA,MT,15.817777777777778,1. péssimo
90549,5102850,CASTANHEIRA,MT,19.903333333333332,1. péssimo
90565,5104906,JANGADA,MT,27.90888888888889,2. ruim
90581,5105176,JURUENA,MT,26.505555555555556,2. ruim
90590,5103007,CHAPADA DOS GUIMARAES,MT,15.732727272727272,1. péssimo
90603,5105259,LUCAS DO RIO VERDE,MT,15.62,1. péssimo
90620,5105606,MATUPA,MT,13.605555555555556,1. péssimo
90646,5106224,NOVA MUTUM,MT,14.401538461538461,1. péssimo
90662,5107180,RIBEIRAO CASCALHEIRA,MT,30.826666666666664,2. ruim
90670,5103403,CUIABA,MT,29.99923076923077,2. ruim
90689,5108006,TAPURAH,MT,13.255555555555555,1. péssimo
90697,5103502,DIAMANTINO,MT,15.65,1. péssimo
90700,5106653,PONTAL DO ARAGUAIA,MT,33.693333333333335,2. ruim
90719,5103601,DOM AQUINO,MT,27.785555555555554,2. ruim
90727,5107875,SAPEZAL,MT,13.558181818181819,1. péssimo
90743,5102686,CAMPOS DE JULIO,MT,14.976666666666667,1. péssimo
90760,5102793,CARLINDA,MT,17.537777777777777,1. péssimo
90778,5103908,GENERAL CARNEIRO,MT,33.44111111111111,2. ruim
90786,5103700,FELIZ NATAL,MT,25.26,2. ruim
90808,5106265,NOVO MUNDO,MT,19.537777777777777,1. péssimo
90824,5103858,GAUCHA DO NORTE,MT,19.093333333333334,1. péssimo
90832,5104203,GUIRATINGA,MT,17.59111111111111,1. péssimo
90840,5108303,UNIAO DO SUL,MT,20.965555555555554,1. péssimo
90867,5106182,NOVA LACERDA,MT,13.676666666666666,1. péssimo
90883,5106240,NOVA UBIRATA,MT,25.415555555555557,2. ruim
90905,5101852,BOM JESUS DO ARAGUAIA,MT,39.79333333333333,2. ruim
90913,5104609,ITIQUIRA,MT,23.2975,1. péssimo
90921,5107883,SERRA NOVA DOURADA,MT,20.263333333333335,1. péssimo
90948,5106315,NOVO SANTO ANTONIO,MT,30.184444444444445,2. ruim
90964,5106174,NOVA NAZARE,MT,25.90111111111111,2. ruim
90980,5107743,SANTA CRUZ DO XINGU,MT,15.172222222222222,1. péssimo
91006,5103361,CONQUISTA D'OESTE,MT,11.02875,1. péssimo
91022,5108352,VALE DE SAO DOMINGOS,MT,15.662222222222223,1. péssimo
91049,5107768,SANTA RITA DO TRIVELATO,MT,32.68555555555555,2. ruim
91057,5105309,LUCIARA,MT,31.386666666666667,2. ruim
91081,5104526,IPIRANGA DO NORTE,MT,12.735555555555555,1. péssimo
91090,5105507,VILA BELA DA SANTISSIMA TRINDADE,MT,19.21,1. péssimo
91103,5104542,ITANHANGA,MT,22.904444444444444,1. péssimo
91170,5105903,NOBRES,MT,24.508181818181818,1. péssimo
91197,5106000,NORTELANDIA,MT,26.63,2. ruim
91219,5106109,NOSSA SENHORA DO LIVRAMENTO,MT,32.45444444444444,2. ruim
91294,5106505,POCONE,MT,27.958181818181817,2. ruim
91332,5106703,PONTE BRANCA,MT,35.946666666666665,2. ruim
91359,5106802,PORTO DOS GAUCHOS,MT,27.257777777777775,2. ruim
91391,5107008,POXOREO,MT,16.243636363636362,1. péssimo
91510,5107602,RONDONOPOLIS,MT,29.848095238095237,2. ruim
91537,5107701,ROSARIO OESTE,MT,23.78727272727273,1. péssimo
91553,5107800,SANTO ANTONIO DO LEVERGER,MT,31.423636363636362,2. ruim
91618,5108105,TESOURO,MT,51.04111111111111,3. regular
91634,5108204,TORIXOREU,MT,36.43555555555555,2. ruim
91677,5108402,VARZEA GRANDE,MT,24.213636363636365,1. péssimo
91774,5105622,MIRASSOL D'OESTE,MT,15.291818181818181,1. péssimo
91812,5106372,PEDRA PRETA,MT,27.985454545454544,2. ruim
91839,5107859,SAO FELIX DO ARAGUAIA,MT,17.223333333333333,1. péssimo
91855,5107958,TANGARA DA SERRA,MT,15.397857142857143,1. péssimo
91910,5100201,AGUA BOA,MT,19.313636363636363,1. péssimo
91936,5102702,CANARANA,MT,15.00909090909091,1. péssimo
91952,5106257,NOVA XAVANTINA,MT,17.324545454545454,1. péssimo
91979,5107776,SANTA TEREZINHA,MT,36.05111111111111,2. ruim
91995,5107305,SAO JOSE DO RIO CLARO,MT,12.501111111111111,1. péssimo
92002,1703206,BERNARDO SAYAO,TO,26.18888888888889,2. ruim
92045,1703800,BURITI DO TOCANTINS,TO,15.198888888888888,1. péssimo
92070,1700400,ALMAS,TO,20.194444444444446,1. péssimo
92088,1703909,CASEARA,TO,34.90222222222222,2. ruim
92134,1700707,ALVORADA,TO,26.383333333333333,2. ruim
92142,1705557,COMBINADO,TO,16.236666666666668,1. péssimo
92185,1707108,DIVINOPOLIS DO TOCANTINS,TO,32.602222222222224,2. ruim
92193,1701002,ANANAS,TO,24.093333333333334,1. péssimo
92240,1708304,GOIANORTE,TO,33.93333333333333,2. ruim
92304,1712504,MARIANOPOLIS DO TOCANTINS,TO,19.560000000000002,1. péssimo
92371,1701903,ARAGUACEMA,TO,16.36888888888889,1. péssimo
92398,1702000,ARAGUACU,TO,12.86125,1. péssimo
92401,1715002,NOVA ROSALANDIA,TO,16.33111111111111,1. péssimo
92410,1702109,ARAGUAINA,TO,20.78157894736842,1. péssimo
92436,1702208,ARAGUATINS,TO,23.751538461538463,1. péssimo
92452,1702307,ARAPOEMA,TO,17.108888888888888,1. péssimo
92479,1702406,ARRAIAS,TO,26.276666666666667,2. ruim
92487,1716653,PEQUIZEIRO,TO,23.06111111111111,1. péssimo
92509,1718006,PORTO ALEGRE DO TOCANTINS,TO,28.24222222222222,2. ruim
92525,1718303,PRAIA NORTE,TO,17.833333333333332,1. péssimo
92533,1702703,AURORA DO TOCANTINS,TO,14.604444444444445,1. péssimo
92541,1718808,SAMPAIO,TO,30.704444444444444,2. ruim
92576,1702901,AXIXA DO TOCANTINS,TO,21.66888888888889,1. péssimo
92584,1718907,SANTA ROSA DO TOCANTINS,TO,16.09777777777778,1. péssimo
92592,1703008,BABACULANDIA,TO,14.802222222222222,1. péssimo
92606,1719004,SANTA TEREZA DO TOCANTINS,TO,18.54111111111111,1. péssimo
92681,1720499,SAO VALERIO DA NATIVIDADE,TO,21.65125,1. péssimo
92738,1703701,BREJINHO DE NAZARE,TO,24.28,1. péssimo
93114,1705508,COLINAS DO TOCANTINS,TO,22.223846153846154,1. péssimo
93130,1705607,CONCEICAO DO TOCANTINS,TO,40.39888888888889,2. ruim
93211,1706001,COUTO MAGALHAES,TO,35.09,2. ruim
93238,1706100,CRISTALANDIA,TO,17.20888888888889,1. péssimo
93416,1707009,DIANOPOLIS,TO,29.869,2. ruim
93459,1707207,DOIS IRMAOS DO TOCANTINS,TO,14.977777777777778,1. péssimo
93475,1707306,DUERE,TO,27.55888888888889,2. ruim
93556,1707702,FILADELFIA,TO,29.002222222222223,2. ruim
93653,1708205,FORMOSO DO ARAGUAIA,TO,29.23818181818182,2. ruim
93858,1709500,GURUPI,TO,28.95,2. ruim
94056,1710508,ITACAJA,TO,40.382222222222225,2. ruim
94099,1710706,ITAGUATINS,TO,25.366666666666667,2. ruim
94170,1711100,ITAPORA DO TOCANTINS,TO,16.448888888888888,1. péssimo
94617,1713205,MIRACEMA DO TOCANTINS,TO,33.43909090909091,2. ruim
94633,1713304,MIRANORTE,TO,12.927777777777777,1. péssimo
94692,1713601,MONTE DO CARMO,TO,17.254285714285714,1. péssimo
94811,1714203,NATIVIDADE,TO,16.198888888888888,1. péssimo
94838,1714302,NAZARE,TO,17.344444444444445,1. péssimo
94994,1715101,NOVO ACORDO,TO,16.19333333333333,1. péssimo
95192,1716109,PARAISO DO TOCANTINS,TO,18.90357142857143,1. péssimo
95214,1716208,PARANA,TO,22.616666666666667,1. péssimo
95257,1716505,PEDRO AFONSO,TO,23.58888888888889,1. péssimo
95273,1716604,PEIXE,TO,23.29222222222222,1. péssimo
95290,1716703,COLMEIA,TO,27.919999999999998,2. ruim
95338,1709005,GOIATINS,TO,28.586666666666666,2. ruim
95370,1717008,PINDORAMA DO TOCANTINS,TO,16.676666666666666,1. péssimo
95478,1717503,PIUM,TO,17.38,1. péssimo
95516,1717800,PONTE ALTA DO BOM JESUS,TO,24.576666666666668,1. péssimo
95532,1717909,PONTE ALTA DO TOCANTINS,TO,15.94142857142857,1. péssimo
95591,1718204,PORTO NACIONAL,TO,16.033333333333335,1. péssimo
95699,1712405,LIZARDA,TO,28.72888888888889,2. ruim
96032,1720309,SAO SEBASTIAO DO TOCANTINS,TO,14.165555555555555,1. péssimo
96130,1720804,SITIO NOVO DO TOCANTINS,TO,15.504444444444443,1. péssimo
96156,1720903,TAGUATINGA,TO,35.60111111111111,2. ruim
96199,1721109,TOCANTINIA,TO,38.77333333333333,2. ruim
96210,1721208,TOCANTINOPOLIS,TO,25.415454545454544,2. ruim
96270,1709302,GUARAI,TO,20.982727272727274,1. péssimo
96296,1718402,PRESIDENTE KENNEDY,TO,14.548333333333334,1. péssimo
96431,1722107,XAMBIOA,TO,15.88888888888889,1. péssimo
96490,1715754,PALMEIROPOLIS,TO,23.830000000000002,1. péssimo
96598,1720655,SILVANOPOLIS,TO,17.106666666666666,1. péssimo
96636,1714880,NOVA OLINDA,TO,20.191111111111113,1. péssimo
96652,1722081,WANDERLANDIA,TO,16.477777777777778,1. péssimo
96679,1707652,FIGUEIROPOLIS,TO,26.45888888888889,2. ruim
96792,1718758,RIO SONO,TO,16.641111111111112,1. péssimo
96830,1707553,FATIMA,TO,14.802222222222222,1. péssimo
96857,1702554,AUGUSTINOPOLIS,TO,22.38,1. péssimo
96954,1700350,ALIANCA DO TOCANTINS,TO,27.326666666666668,2. ruim
96970,1701101,APARECIDA DO RIO NEGRO,TO,13.30888888888889,1. péssimo
96997,1703107,BARROLANDIA,TO,25.642222222222223,2. ruim
98191,5105101,JUARA,MT,20.30222222222222,1. péssimo
98310,5105150,JUINA,MT,19.39846153846154,1. péssimo
98337,5103452,DENISE,MT,18.398888888888887,1. péssimo
98353,1301852,IRANDUBA,AM,19.27846153846154,1. péssimo
98370,1301951,ITAMARATI,AM,18.064444444444444,1. péssimo
98396,1302553,MANAQUIRI,AM,15.874545454545455,1. péssimo
98418,1303536,PRESIDENTE FIGUEIREDO,AM,20.002499999999998,1. péssimo
98434,1303569,RIO PRETO DA EVA,AM,21.596153846153847,1. péssimo
98450,1303957,SAO SEBASTIAO DO UATUMA,AM,20.893333333333334,1. péssimo
98477,1304062,TABATINGA,AM,16.394615384615385,1. péssimo
98493,1304260,UARINI,AM,27.764444444444443,2. ruim
98515,1304237,TONANTINS,AM,20.56909090909091,1. péssimo
98612,5100607,ALTO TAQUARI,MT,21.772222222222222,1. péssimo
98639,5101001,ARAGUAIANA,MT,26.39,2. ruim
98655,5102603,CAMPINAPOLIS,MT,33.834545454545456,2. ruim
98671,5103106,COCALINHO,MT,25.473333333333333,2. ruim
98698,5104559,ITAUBA,MT,25.58111111111111,2. ruim
98710,5105580,MARCELANDIA,MT,16.448888888888888,1. péssimo
98736,5106232,NOVA OLIMPIA,MT,14.635555555555555,1. péssimo
98752,5106216,NOVA CANAA DO NORTE,MT,15.29111111111111,1. péssimo
98779,5106281,NOVO SAO JOAQUIM,MT,14.431111111111111,1. péssimo
98795,5106273,NOVO HORIZONTE DO NORTE,MT,18.643333333333334,1. péssimo
98817,5106422,PEIXOTO DE AZEVEDO,MT,17.23,1. péssimo
98833,5106299,PARANAITA,MT,15.427777777777777,1. péssimo
98850,5106778,PORTO ALEGRE DO NORTE,MT,21.854444444444443,1. péssimo
98876,5106828,PORTO ESPERIDIAO,MT,26.785555555555558,2. ruim
98892,5107040,PRIMAVERA DO LESTE,MT,18.645333333333333,1. péssimo
98914,5107156,RESERVA DO CABACAL,MT,16.308888888888887,1. péssimo
98930,5107925,SORRISO,MT,12.806363636363637,1. péssimo
98957,5108055,TERRA NOVA DO NORTE,MT,29.698888888888888,2. ruim
98973,5108501,VERA,MT,15.805555555555555,1. péssimo
98990,5108600,VILA RICA,MT,15.44,1. péssimo
99015,5103304,COMODORO,MT,25.45,2. ruim
99031,5103809,FIGUEIROPOLIS D'OESTE,MT,14.47,1. péssimo
99058,5104104,GUARANTA DO NORTE,MT,16.968888888888888,1. péssimo
99074,5104500,INDIAVAI,MT,16.828888888888887,1. péssimo
