sg_uf,cd_municipio_ibge,nome_municipio.x,sg_partido_prefeito,icat_prefeito,sg_ue,nome_municipio.y,uf,icat_medio,cat_medio_camara,dist
AC,1200500,SENA MADUREIRA,PP,16.94,01457,SENA MADUREIRA,AC,16.53076923076923,1. péssimo,0.4092307692307706
AC,1200435,SANTA ROSA DO PURUS,MDB,17.41,01031,SANTA ROSA DO PURUS,AC,25.851111111111113,2. ruim,-8.441111111111113
AC,1200252,EPITACIOLÂNDIA,PL,7.85,01112,EPITACIOLANDIA,AC,21.513636363636362,1. péssimo,-13.663636363636362
AC,1200054,ASSIS BRASIL,PP,16.94,01570,ASSIS BRASIL,AC,29.135555555555555,2. ruim,-12.195555555555554
AC,1200203,CRUZEIRO DO SUL,PP,16.94,01074,CRUZEIRO DO SUL,AC,21.905714285714286,1. péssimo,-4.965714285714284
AC,1200344,MANOEL URBANO,PP,16.94,01554,MANOEL URBANO,AC,17.94,1. péssimo,-1
AC,1200609,TARAUACÁ,PP,16.94,01473,TARAUACA,AC,41.27230769230769,2. ruim,-24.33230769230769
AC,1200336,MÂNCIO LIMA,PP,16.94,01090,MANCIO LIMA,AC,16.919090909090908,1. péssimo,0.02090909090909321
AC,1200179,CAPIXABA,UNIÃO,15.68,01015,CAPIXABA,AC,14.096666666666666,1. péssimo,1.583333333333334
AC,1200328,JORDÃO,PP,16.94,01104,JORDAO,AC,30.453333333333333,2. ruim,-13.513333333333332
AC,1200104,BRASILÉIA,PP,16.94,01058,BRASILEIA,AC,21.792727272727273,1. péssimo,-4.852727272727272
AC,1200450,SENADOR GUIOMARD,PP,16.94,01538,SENADOR GUIOMARD,AC,17.41090909090909,1. péssimo,-0.47090909090908895
AC,1200393,PORTO WALTER,PP,16.94,01066,PORTO WALTER,AC,17.695555555555558,1. péssimo,-0.7555555555555564
AC,1200807,PORTO ACRE,PP,16.94,01023,PORTO ACRE,AC,17.193333333333335,1. péssimo,-0.25333333333333385
AC,1200708,XAPURI,PP,16.94,01490,XAPURI,AC,24.80666666666667,1. péssimo,-7.866666666666667
AC,1200427,RODRIGUES ALVES,PSD,23.02,01082,RODRIGUES ALVES,AC,17.8,1. péssimo,5.219999999999999
AC,1200013,ACRELÂNDIA,REPUBLICANOS,14.1,01120,ACRELANDIA,AC,19.126666666666665,1. péssimo,-5.0266666666666655
AC,1200302,FEIJÓ,REPUBLICANOS,14.1,01139,FEIJO,AC,25.052307692307693,2. ruim,-10.952307692307693
AC,1200138,BUJARI,PDT,56.75,01007,BUJARI,AC,32.593333333333334,2. ruim,24.156666666666666
AC,1200385,PLÁCIDO DE CASTRO,PP,16.94,01511,PLACIDO DE CASTRO,AC,18.107272727272726,1. péssimo,-1.1672727272727244
AC,1200351,MARECHAL THAUMATURGO,PP,16.94,01040,MARECHAL THAUMATURGO,AC,29.812727272727273,2. ruim,-12.872727272727271
AC,1200401,RIO BRANCO,PL,7.85,01392,RIO BRANCO,AC,18.89190476190476,1. péssimo,-11.041904761904762
AM,1304104,TAPAUÁ,UNIÃO,15.68,02798,TAPAUA,AM,15.827272727272726,1. péssimo,-0.14727272727272656
AM,1300839,CAAPIRANGA,UNIÃO,15.68,02992,CAAPIRANGA,AM,21.77111111111111,1. péssimo,-6.091111111111111
AM,1300631,BERURI,PODE,20.7,02950,BERURI,AM,20.905454545454546,1. péssimo,-0.2054545454545469
AM,1301605,FONTE BOA,REPUBLICANOS,14.1,02330,FONTE BOA,AM,41.58181818181818,2. ruim,-27.481818181818177
AM,1301902,ITACOATIARA,REPUBLICANOS,14.1,02410,ITACOATIARA,AM,20.88285714285714,1. péssimo,-6.782857142857141
AM,1302553,MANAQUIRI,MDB,17.41,98396,MANAQUIRI,AM,15.874545454545455,1. péssimo,1.5354545454545452
AM,1303700,SANTO ANTÔNIO DO IÇÁ,MDB,17.41,02739,SANTO ANTONIO DO ICA,AM,26.81,2. ruim,-9.399999999999999
AM,1303536,PRESIDENTE FIGUEIREDO,PL,7.85,98418,PRESIDENTE FIGUEIREDO,AM,20.002499999999998,1. péssimo,-12.152499999999998
AM,1302504,MANACAPURU,MDB,17.41,02534,MANACAPURU,AM,17.104761904761904,1. péssimo,0.30523809523809575
AM,1300904,CANUTAMA,UNIÃO,15.68,02194,CANUTAMA,AM,22.527272727272727,1. péssimo,-6.847272727272728
AM,1301506,ENVIRA,PSD,23.02,02313,ENVIRA,AM,16.401818181818182,1. péssimo,6.618181818181817
AM,1302702,MANICORÉ,PSD,23.02,02577,MANICORE,AM,18.386,1. péssimo,4.634
AM,1300409,BARCELOS,UNIÃO,15.68,02097,BARCELOS,AM,27.646363636363635,2. ruim,-11.966363636363635
AM,1304062,TABATINGA,REPUBLICANOS,14.1,98477,TABATINGA,AM,16.394615384615385,1. péssimo,-2.294615384615385
AM,1302108,JAPURÁ,UNIÃO,15.68,02453,JAPURA,AM,17.344444444444445,1. péssimo,-1.6644444444444453
AM,1300607,BENJAMIN CONSTANT,MDB,17.41,02135,BENJAMIN CONSTANT,AM,25.64076923076923,2. ruim,-8.23076923076923
AM,1303205,NOVO AIRÃO,UNIÃO,15.68,02011,NOVO AIRAO,AM,17.86888888888889,1. péssimo,-2.18888888888889
AM,1300201,ATALAIA DO NORTE,UNIÃO,15.68,02054,ATALAIA DO NORTE,AM,22.779090909090908,1. péssimo,-7.099090909090908
AM,1300805,BORBA,REPUBLICANOS,14.1,02178,BORBA,AM,24.63083333333333,1. péssimo,-10.530833333333332
AM,1300680,BOA VISTA DO RAMOS,PSD,23.02,02976,BOA VISTA DO RAMOS,AM,16.087272727272726,1. péssimo,6.9327272727272735
AM,1301159,CAREIRO DA VÁRZEA,PSD,23.02,02046,CAREIRO DA VARZEA,AM,15.291818181818181,1. péssimo,7.7281818181818185
AM,1302900,MAUÉS,PDT,56.75,02615,MAUES,AM,26.207333333333334,2. ruim,30.542666666666666
AM,1304260,UARINI,UNIÃO,15.68,98493,UARINI,AM,27.764444444444443,2. ruim,-12.084444444444443
AM,1301209,COARI,REPUBLICANOS,14.1,02259,COARI,AM,16.762666666666668,1. péssimo,-2.6626666666666683
AM,1303569,RIO PRETO DA EVA,UNIÃO,15.68,98434,RIO PRETO DA EVA,AM,21.596153846153847,1. péssimo,-5.916153846153847
AM,1303304,NOVO ARIPUANÃ,UNIÃO,15.68,02674,NOVO ARIPUANA,AM,17.993636363636362,1. péssimo,-2.3136363636363626
AM,1304005,SILVES,REPUBLICANOS,14.1,02771,SILVES,AM,16.68,1. péssimo,-2.58
AM,1302405,LÁBREA,PL,7.85,02518,LABREA,AM,16.40153846153846,1. péssimo,-8.551538461538462
AM,1300300,AUTAZES,PP,16.94,02070,AUTAZES,AM,19.543333333333333,1. péssimo,-2.6033333333333317
AM,1300086,ANAMÃ,MDB,17.41,02933,ANAMA,AM,17.8,1. péssimo,-0.39000000000000057
AM,1303601,SANTA ISABEL DO RIO NEGRO,UNIÃO,15.68,02372,SANTA ISABEL DO RIO NEGRO,AM,15.996363636363636,1. péssimo,-0.3163636363636364
AM,1301951,ITAMARATI,MDB,17.41,98370,ITAMARATI,AM,18.064444444444444,1. péssimo,-0.6544444444444437
AM,1302009,ITAPIRANGA,MDB,17.41,02437,ITAPIRANGA,AM,30.586666666666666,2. ruim,-13.176666666666666
AM,1301654,GUAJARÁ,UNIÃO,15.68,02020,GUAJARA,AM,15.167777777777777,1. péssimo,0.5122222222222224
AM,1302306,JUTAÍ,UNIÃO,15.68,02496,JUTAI,AM,30.927272727272726,2. ruim,-15.247272727272726
AM,1304237,TONANTINS,REPUBLICANOS,14.1,98515,TONANTINS,AM,20.56909090909091,1. péssimo,-6.469090909090911
AM,1302207,JURUÁ,MDB,17.41,02470,JURUA,AM,24.108888888888888,1. péssimo,-6.698888888888888
AM,1303502,PAUINI,PSD,23.02,02712,PAUINI,AM,19.921818181818182,1. péssimo,3.0981818181818177
AM,1300144,APUÍ,MDB,17.41,02003,APUI,AM,15.209090909090909,1. péssimo,2.200909090909091
AM,1301852,IRANDUBA,UNIÃO,15.68,98353,IRANDUBA,AM,19.27846153846154,1. péssimo,-3.598461538461539
AM,1303007,NHAMUNDÁ,UNIÃO,15.68,02631,NHAMUNDA,AM,16.806363636363635,1. péssimo,-1.1263636363636351
AM,1303957,SÃO SEBASTIÃO DO UATUMÃ,UNIÃO,15.68,98450,SAO SEBASTIAO DO UATUMA,AM,20.893333333333334,1. péssimo,-5.213333333333335
AM,1301308,CODAJÁS,UNIÃO,15.68,02275,CODAJAS,AM,16.79909090909091,1. péssimo,-1.119090909090911
AM,1303908,SÃO PAULO DE OLIVENÇA,UNIÃO,15.68,02755,SAO PAULO DE OLIVENCA,AM,17.712222222222223,1. péssimo,-2.0322222222222237
AM,1301704,HUMAITÁ,UNIÃO,15.68,02356,HUMAITA,AM,24.424,1. péssimo,-8.744
AM,1304401,URUCURITUBA,PT,73.72,02879,URUCURITUBA,AM,33.60727272727273,2. ruim,40.11272727272727
AM,1301100,CAREIRO,REPUBLICANOS,14.1,02232,CAREIRO,AM,17.105833333333333,1. péssimo,-3.0058333333333334
AM,1300029,ALVARÃES,UNIÃO,15.68,02895,ALVARAES,AM,26.99909090909091,2. ruim,-11.31909090909091
AM,1304203,TEFÉ,UNIÃO,15.68,02810,TEFE,AM,24.547333333333334,1. péssimo,-8.867333333333335
AM,1303106,NOVA OLINDA DO NORTE,MDB,17.41,02658,NOVA OLINDA DO NORTE,AM,16.533,1. péssimo,0.8769999999999989
AM,1301001,CARAUARI,MDB,17.41,02216,CARAUARI,AM,19.61090909090909,1. péssimo,-2.2009090909090894
AM,1300706,BOCA DO ACRE,MDB,17.41,02151,BOCA DO ACRE,AM,25.864166666666666,2. ruim,-8.454166666666666
AM,1300508,BARREIRINHA,UNIÃO,15.68,02119,BARREIRINHA,AM,23.900909090909092,1. péssimo,-8.220909090909092
AM,1300060,AMATURÁ,MDB,17.41,02917,AMATURA,AM,18.62,1. péssimo,-1.2100000000000009
AM,1303809,SÃO GABRIEL DA CACHOEIRA,PT,73.72,02836,SAO GABRIEL DA CACHOEIRA,AM,45.81384615384616,2. ruim,27.906153846153842
AM,1304302,URUCARÁ,UNIÃO,15.68,02852,URUCARA,AM,20.549090909090907,1. péssimo,-4.869090909090907
AM,1301407,EIRUNEPÉ,MDB,17.41,02291,EIRUNEPE,AM,54.06,3. regular,-36.650000000000006
AM,1302801,MARAÃ,UNIÃO,15.68,02593,MARAA,AM,17.445454545454545,1. péssimo,-1.7654545454545456
AM,1303403,PARINTINS,PSD,23.02,02690,PARINTINS,AM,17.883846153846154,1. péssimo,5.136153846153846
AM,1301803,IPIXUNA,PSDB,15.21,02399,IPIXUNA,AM,16.26,1. péssimo,-1.0500000000000007
AP,1600055,SERRA DO NAVIO,MDB,17.41,06106,SERRA DO NAVIO,AP,25.293333333333333,2. ruim,-7.883333333333333
AP,1600212,CUTIAS,PL,7.85,06068,CUTIAS,AP,31.816666666666666,2. ruim,-23.96666666666667
AP,1600253,ITAUBAL,UNIÃO,15.68,06041,ITAUBAL,AP,36.068888888888885,2. ruim,-20.388888888888886
AP,1600204,CALÇOENE,PSD,23.02,06033,CALCOENE,AP,29.721111111111114,2. ruim,-6.701111111111114
AP,1600550,PRACUÚBA,UNIÃO,15.68,06009,PRACUUBA,AP,14.786666666666667,1. péssimo,0.8933333333333326
AP,1600402,MAZAGÃO,UNIÃO,15.68,06076,MAZAGAO,AP,35.192727272727275,2. ruim,-19.512727272727275
AP,1600154,PEDRA BRANCA DO AMAPARI,UNIÃO,15.68,06084,PEDRA BRANCA DO AMAPARI,AP,21.843333333333334,1. péssimo,-6.163333333333334
AP,1600501,OIAPOQUE,PP,16.94,06092,OIAPOQUE,AP,31.00181818181818,2. ruim,-14.061818181818179
AP,1600808,VITÓRIA DO JARI,UNIÃO,15.68,06122,VITORIA DO JARI,AP,21.142222222222223,1. péssimo,-5.462222222222223
AP,1600600,SANTANA,PP,16.94,06157,SANTANA,AP,32.909333333333336,2. ruim,-15.969333333333335
AP,1600303,MACAPÁ,MDB,17.41,06050,MACAPA,AP,33.60739130434783,2. ruim,-16.19739130434783
AP,1600535,PORTO GRANDE,MDB,17.41,06025,PORTO GRANDE,AP,31.424545454545456,2. ruim,-14.014545454545456
AP,1600279,LARANJAL DO JARI,UNIÃO,15.68,06130,LARANJAL DO JARI,AP,37.34230769230769,2. ruim,-21.662307692307692
AP,1600238,FERREIRA GOMES,UNIÃO,15.68,06114,FERREIRA GOMES,AP,22.885555555555555,1. péssimo,-7.205555555555556
AP,1600105,AMAPÁ,UNIÃO,15.68,06017,AMAPA,AP,34.64222222222222,2. ruim,-18.962222222222223
AP,1600709,TARTARUGALZINHO,UNIÃO,15.68,06173,TARTARUGALZINHO,AP,20.06888888888889,1. péssimo,-4.388888888888889
MA,2101806,BENEDITO LEITE,REPUBLICANOS,14.1,07358,BENEDITO LEITE,MA,42.946666666666665,2. ruim,-28.846666666666664
MA,2103257,CIDELÂNDIA,PSB,60.65,07480,CIDELANDIA,MA,37.40555555555556,2. ruim,23.24444444444444
MA,2102556,CAMPESTRE DO MARANHÃO,PSB,60.65,07382,CAMPESTRE DO MARANHAO,MA,31.232222222222223,2. ruim,29.417777777777776
MA,2100477,ALTO ALEGRE DO PINDARÉ,PP,16.94,07048,ALTO ALEGRE DO PINDARE,MA,29.88,2. ruim,-12.939999999999998
MA,2113009,VITORINO FREIRE,UNIÃO,15.68,09539,VITORINO FREIRE,MA,37.79461538461538,2. ruim,-22.114615384615384
MA,2106359,MARAJÁ DO SENA,PP,16.94,07900,MARAJA DO SENA,MA,20.317777777777778,1. péssimo,-3.3777777777777764
MA,2112407,TURIAÇU,REPUBLICANOS,14.1,09415,TURIACU,MA,36.44307692307692,2. ruim,-22.34307692307692
MA,2102036,BOM JESUS DAS SELVAS,PSB,60.65,07269,BOM JESUS DAS SELVAS,MA,44.84090909090909,2. ruim,15.809090909090905
MA,2105807,LAGO DO JUNCO,PSB,60.65,08150,LAGO DO JUNCO,MA,54.92444444444445,3. regular,5.725555555555552
MA,2110039,SANTA LUZIA DO PARUÁ,PL,7.85,09652,SANTA LUZIA DO PARUA,MA,36.89181818181818,2. ruim,-29.04181818181818
MA,2103158,CENTRO DO GUILHERME,PL,7.85,07447,CENTRO DO GUILHERME,MA,12.858888888888888,1. péssimo,-5.0088888888888885
MA,2101400,BALSAS,PRD,20.83,07277,BALSAS,MA,25.52294117647059,2. ruim,-4.69294117647059
MA,2110005,SANTA LUZIA,PRD,20.83,08974,SANTA LUZIA,MA,16.011333333333333,1. péssimo,4.818666666666665
MA,2106706,MIRADOR,UNIÃO,15.68,08338,MIRADOR,MA,30.505,2. ruim,-14.825
MA,2104206,FORTUNA,PDT,56.75,07811,FORTUNA,MA,34.52272727272727,2. ruim,22.227272727272727
MA,2103554,CONCEIÇÃO DO LAGO-AÇU,PL,7.85,07501,CONCEICAO DO LAGO-ACU,MA,20.063333333333333,1. péssimo,-12.213333333333333
MA,2100956,ARAME,UNIÃO,15.68,09679,ARAME,MA,23.46181818181818,1. péssimo,-7.781818181818181
MA,2102374,CACHOEIRA GRANDE,PL,7.85,07226,CACHOEIRA GRANDE,MA,33.08,2. ruim,-25.229999999999997
MA,2102804,CAROLINA,PSDB,15.21,07536,CAROLINA,MA,40.50545454545455,2. ruim,-25.295454545454547
MA,2112308,TUNTUM,PDT,56.75,09393,TUNTUM,MA,39.57769230769231,2. ruim,17.17230769230769
MA,2107001,MONTES ALTOS,UNIÃO,15.68,08397,MONTES ALTOS,MA,17.20111111111111,1. péssimo,-1.5211111111111109
MA,2105989,LAJEADO NOVO,REPUBLICANOS,14.1,07862,LAJEADO NOVO,MA,15.205555555555556,1. péssimo,-1.105555555555556
MA,2100832,APICUM-AÇU,PL,7.85,07064,APICUM-ACU,MA,21.668,1. péssimo,-13.818
MA,2108108,PAULO RAMOS,PP,16.94,09598,PAULO RAMOS,MA,24.532727272727275,1. péssimo,-7.592727272727274
MA,2104099,FORMOSA DA SERRA NEGRA,PSDB,15.21,07560,FORMOSA DA SERRA NEGRA,MA,15.112727272727273,1. péssimo,0.09727272727272762
MA,2112233,TRIZIDELA DO VALE,PDT,56.75,08567,TRIZIDELA DO VALE,MA,41.48909090909091,2. ruim,15.260909090909088
MA,2102002,BOM JARDIM,PL,7.85,09555,BOM JARDIM,MA,27.662307692307692,2. ruim,-19.81230769230769
MA,2104081,FERNANDO FALCÃO,PDT,56.75,07544,FERNANDO FALCAO,MA,47.903333333333336,2. ruim,8.846666666666664
MA,2104628,GOVERNADOR LUIZ ROCHA,MDB,17.41,07625,GOVERNADOR LUIZ ROCHA,MA,37.306666666666665,2. ruim,-19.896666666666665
MA,2109304,PRESIDENTE VARGAS,PSB,60.65,08834,PRESIDENTE VARGAS,MA,30.37666666666667,2. ruim,30.27333333333333
MA,2104701,GRAÇA ARANHA,UNIÃO,15.68,07919,GRACA ARANHA,MA,29.79,2. ruim,-14.11
MA,2101970,BOA VISTA DO GURUPI,PL,7.85,07323,BOA VISTA DO GURUPI,MA,34.44222222222222,2. ruim,-26.59222222222222
MA,2108504,PINDARÉ-MIRIM,MDB,17.41,08672,PINDARE-MIRIM,MA,36.49076923076923,2. ruim,-19.08076923076923
MA,2106003,LIMA CAMPOS,UNIÃO,15.68,08192,LIMA CAMPOS,MA,16.064444444444444,1. péssimo,-0.38444444444444414
MA,2108603,PINHEIRO,PODE,20.7,08699,PINHEIRO,MA,23.84125,1. péssimo,-3.1412499999999994
MA,2104107,FORTALEZA DOS NOGUEIRAS,REPUBLICANOS,14.1,07790,FORTALEZA DOS NOGUEIRAS,MA,18.497777777777777,1. péssimo,-4.397777777777778
MA,2102507,CAJARI,UNIÃO,15.68,07471,CAJARI,MA,26.12666666666667,2. ruim,-10.446666666666669
MA,2103802,DOM PEDRO,PSB,60.65,07730,DOM PEDRO,MA,49.16,2. ruim,11.490000000000002
MA,2108306,PENALVA,PP,16.94,08630,PENALVA,MA,15.653846153846155,1. péssimo,1.2861538461538462
MA,2101202,BACABAL,MDB,17.41,07234,BACABAL,MA,24.365882352941178,1. péssimo,-6.9558823529411775
MA,2109908,SANTA INÊS,PP,16.94,09571,SANTA INES,MA,25.384666666666668,2. ruim,-8.444666666666667
MA,2114007,ZÉ DOCA,PL,7.85,09717,ZE DOCA,MA,28.476666666666663,2. ruim,-20.626666666666665
MA,2104503,GOVERNADOR ARCHER,UNIÃO,15.68,07870,GOVERNADOR ARCHER,MA,36.23888888888889,2. ruim,-20.558888888888887
MA,2111805,SÍTIO NOVO,MDB,17.41,09296,SITIO NOVO,MA,35.29181818181818,2. ruim,-17.88181818181818
MA,2104651,GOVERNADOR NEWTON BELLO,MDB,17.41,07641,GOVERNADOR NEWTON BELLO,MA,19.514444444444443,1. péssimo,-2.104444444444443
MA,2108405,PERI MIRIM,MDB,17.41,08656,PERI MIRIM,MA,18.884444444444444,1. péssimo,-1.474444444444444
MA,2110708,SÃO DOMINGOS DO MARANHÃO,PP,16.94,09113,SAO DOMINGOS DO MARANHAO,MA,30.533846153846152,2. ruim,-13.593846153846151
MA,2110658,SÃO DOMINGOS DO AZEITÃO,PP,16.94,08265,SAO DOMINGOS DO AZEITAO,MA,21.107499999999998,1. péssimo,-4.167499999999997
MA,2107506,PAÇO DO LUMIAR,PSB,60.65,08494,PACO DO LUMIAR,MA,26.044117647058822,2. ruim,34.60588235294118
MA,2109106,PRESIDENTE DUTRA,MDB,17.41,08796,PRESIDENTE DUTRA,MA,26.653076923076924,2. ruim,-9.243076923076924
MA,2102358,BURITIRANA,MDB,17.41,07366,BURITIRANA,MA,16.41,1. péssimo,1
MA,2106805,MIRINZAL,MDB,17.41,08354,MIRINZAL,MA,34.26888888888889,2. ruim,-16.858888888888888
MA,2100501,ALTO PARNAÍBA,PSDB,15.21,07099,ALTO PARNAIBA,MA,17.13222222222222,1. péssimo,-1.9222222222222207
MA,2111508,SÃO MATEUS DO MARANHÃO,PSB,60.65,09237,SAO MATEUS DO MARANHAO,MA,43.97,2. ruim,16.68
MA,2107357,NOVA OLINDA DO MARANHÃO,PP,16.94,08001,NOVA OLINDA DO MARANHAO,MA,14.427272727272728,1. péssimo,2.5127272727272736
MA,2109452,RAPOSA,PL,7.85,08168,RAPOSA,MA,36.31666666666667,2. ruim,-28.46666666666667
MA,2105658,JUNCO DO MARANHÃO,MDB,17.41,07781,JUNCO DO MARANHAO,MA,57.43,3. regular,-40.019999999999996
MA,2106102,LORETO,REPUBLICANOS,14.1,08214,LORETO,MA,28.96222222222222,2. ruim,-14.86222222222222
MA,2104800,GRAJAÚ,PSDB,15.21,07935,GRAJAU,MA,19.75,1. péssimo,-4.539999999999999
MA,2103125,CENTRAL DO MARANHÃO,MDB,17.41,07420,CENTRAL DO MARANHAO,MA,34.09888888888889,2. ruim,-16.688888888888886
MA,2111409,SÃO LUÍS GONZAGA DO MARANHÃO,MDB,17.41,08052,SAO LUIS GONZAGA DO MARANHAO,MA,41.45,2. ruim,-24.040000000000003
MA,2111789,SERRANO DO MARANHÃO,PL,7.85,08524,SERRANO DO MARANHAO,MA,28.636666666666667,2. ruim,-20.78666666666667
MA,2109007,PORTO FRANCO,PSB,60.65,08770,PORTO FRANCO,MA,39.019090909090906,2. ruim,21.630909090909093
MA,2111250,SÃO JOSÉ DOS BASÍLIOS,MDB,17.41,08362,SAO JOSE DOS BASILIOS,MA,36.80222222222223,2. ruim,-19.392222222222227
MA,2106904,MONÇÃO,PL,7.85,08370,MONCAO,MA,22.185384615384617,1. péssimo,-14.335384615384617
MA,2101939,BERNARDO DO MEARIM,PDT,56.75,07200,BERNARDO DO MEARIM,MA,43.49333333333333,2. ruim,13.256666666666668
MA,2105427,ITINGA DO MARANHÃO,PP,16.94,07722,ITINGA DO MARANHAO,MA,25.60909090909091,2. ruim,-8.669090909090908
MA,2105104,ICATU,PSDB,15.21,07994,ICATU,MA,29.153636363636362,2. ruim,-13.943636363636362
MA,2107308,NOVA IORQUE,MDB,17.41,08451,NOVA IORQUE,MA,31.142222222222223,2. ruim,-13.732222222222223
MA,2101350,BACURITUBA,MDB,17.41,07145,BACURITUBA,MA,32.63111111111111,2. ruim,-15.22111111111111
MA,2111078,SÃO JOÃO DO SOTER,PSB,60.65,08346,SAO JOAO DO SOTER,MA,52.62,3. regular,8.030000000000001
MA,2105450,JATOBÁ,UNIÃO,15.68,07749,JATOBA,MA,21.48111111111111,1. péssimo,-5.801111111111112
MA,2101608,BARRA DO CORDA,MDB,17.41,07315,BARRA DO CORDA,MA,27.924705882352942,2. ruim,-10.514705882352942
MA,2106375,MARANHÃOZINHO,PL,7.85,07927,MARANHAOZINHO,MA,15.06111111111111,1. péssimo,-7.21111111111111
MA,2104008,ESPERANTINÓPOLIS,UNIÃO,15.68,07773,ESPERANTINOPOLIS,MA,24.578181818181818,1. péssimo,-8.898181818181818
MA,2102325,BURITICUPU,PP,16.94,07340,BURITICUPU,MA,22.573333333333334,1. péssimo,-5.633333333333333
MA,2109809,SANTA HELENA,MDB,17.41,08958,SANTA HELENA,MA,15.543846153846154,1. péssimo,1.8661538461538463
MA,2108702,PIO XII,PL,7.85,08710,PIO XII,MA,30.39818181818182,2. ruim,-22.548181818181817
MA,2108207,PEDREIRAS,UNIÃO,15.68,08613,PEDREIRAS,MA,31.81153846153846,2. ruim,-16.13153846153846
MA,2111003,SÃO JOÃO BATISTA,REPUBLICANOS,14.1,09172,SAO JOAO BATISTA,MA,26.982222222222223,2. ruim,-12.882222222222223
MA,2105963,LAGOA GRANDE DO MARANHÃO,PSB,60.65,07846,LAGOA GRANDE DO MARANHAO,MA,41.94777777777777,2. ruim,18.702222222222225
MA,2100204,ALCÂNTARA,PSB,60.65,07030,ALCANTARA,MA,40.85818181818182,2. ruim,19.79181818181818
MA,2112274,TUFILÂNDIA,PP,16.94,08583,TUFILANDIA,MA,36.471111111111114,2. ruim,-19.531111111111112
MA,2111573,SÃO PEDRO DOS CRENTES,REPUBLICANOS,14.1,08400,SAO PEDRO DOS CRENTES,MA,13.035555555555556,1. péssimo,1.0644444444444439
MA,2101301,BACURI,PL,7.85,07250,BACURI,MA,27.405454545454543,2. ruim,-19.555454545454545
MA,2103505,COLINAS,MDB,17.41,07676,COLINAS,MA,39.95,2. ruim,-22.540000000000003
MA,2111672,SÃO ROBERTO,UNIÃO,15.68,08443,SAO ROBERTO,MA,36.81111111111111,2. ruim,-21.13111111111111
MA,2108454,PERITORÓ,PP,16.94,08087,PERITORO,MA,28.202727272727273,2. ruim,-11.262727272727272
MA,2109205,PRESIDENTE JUSCELINO,PL,7.85,08818,PRESIDENTE JUSCELINO,MA,23.21333333333333,1. péssimo,-15.363333333333332
MA,2109056,PORTO RICO DO MARANHÃO,PL,7.85,08109,PORTO RICO DO MARANHAO,MA,19.485555555555553,1. péssimo,-11.635555555555554
MA,2105476,JENIPAPO DOS VIEIRAS,PDT,56.75,07765,JENIPAPO DOS VIEIRAS,MA,38.553636363636365,2. ruim,18.196363636363635
MA,2104057,ESTREITO,PL,7.85,09636,ESTREITO,MA,23.515384615384615,1. péssimo,-15.665384615384616
MA,2111300,SÃO LUÍS,PSD,23.02,09210,SAO LUIS,MA,33.90354838709678,2. ruim,-10.883548387096777
MA,2110807,SÃO FÉLIX DE BALSAS,PRD,20.83,09130,SAO FELIX DE BALSAS,MA,50.30888888888889,3. regular,-29.47888888888889
MA,2107456,OLINDA NOVA DO MARANHÃO,MOBILIZA,NA,08028,OLINDA NOVA DO MARANHAO,MA,34.57666666666667,2. ruim,NA
MA,2104677,GOVERNADOR NUNES FREIRE,PL,7.85,07668,GOVERNADOR NUNES FREIRE,MA,27.746363636363636,2. ruim,-19.89636363636364
MA,2111706,SÃO VICENTE FERRER,UNIÃO,15.68,09270,SAO VICENTE FERRER,MA,44.278888888888886,2. ruim,-28.598888888888887
MA,2111201,SÃO JOSÉ DE RIBAMAR,PODE,20.7,08893,SAO JOSE DE RIBAMAR,MA,27.07,2. ruim,-6.370000000000001
MA,2102754,CAPINZAL DO NORTE,REPUBLICANOS,14.1,07404,CAPINZAL DO NORTE,MA,34.53111111111111,2. ruim,-20.431111111111107
MA,2101103,AXIXÁ,MDB,17.41,07218,AXIXA,MA,39.964999999999996,2. ruim,-22.554999999999996
MA,2100055,AÇAILÂNDIA,UNIÃO,15.68,09610,ACAILANDIA,MA,19.565625,1. péssimo,-3.885625000000001
MA,2105948,LAGO DOS RODRIGUES,PSB,60.65,07803,LAGO DOS RODRIGUES,MA,52.49333333333333,3. regular,8.156666666666666
MA,2106508,MATINHA,PRD,20.83,08290,MATINHA,MA,37.45363636363636,2. ruim,-16.623636363636365
MA,2111904,SUCUPIRA DO NORTE,MDB,17.41,09318,SUCUPIRA DO NORTE,MA,48.865,2. ruim,-31.455000000000002
MA,2102408,CAJAPIÓ,PSB,60.65,07455,CAJAPIO,MA,25.217777777777776,2. ruim,35.43222222222222
MA,2103109,CEDRAL,PSB,60.65,07595,CEDRAL,MA,40.09111111111111,2. ruim,20.558888888888887
MA,2102309,BURITI BRAVO,MDB,17.41,07439,BURITI BRAVO,MA,45.041818181818186,2. ruim,-27.631818181818186
MA,2105906,LAGO VERDE,PP,16.94,08176,LAGO VERDE,MA,24.556363636363635,1. péssimo,-7.616363636363634
MA,2100550,AMAPÁ DO MARANHÃO,PL,7.85,07080,AMAPA DO MARANHAO,MA,28.10222222222222,2. ruim,-20.252222222222223
MA,2109551,RIBAMAR FIQUENE,REPUBLICANOS,14.1,08184,RIBAMAR FIQUENE,MA,41.723333333333336,2. ruim,-27.623333333333335
MA,2110500,SÃO BENTO,MDB,17.41,09075,SAO BENTO,MA,20.16076923076923,1. péssimo,-2.7507692307692295
MA,2111631,SÃO RAIMUNDO DO DOCA BEZERRA,PP,16.94,08427,SAO RAIMUNDO DO DOCA BEZERRA,MA,22.68888888888889,1. péssimo,-5.748888888888889
MA,2109239,PRESIDENTE MÉDICI,REPUBLICANOS,14.1,08125,PRESIDENTE MEDICI,MA,21.366666666666667,1. péssimo,-7.2666666666666675
MA,2111607,SÃO RAIMUNDO DAS MANGABEIRAS,PP,16.94,09253,SAO RAIMUNDO DAS MANGABEIRAS,MA,36.95181818181818,2. ruim,-20.01181818181818
MA,2104909,GUIMARÃES,PV,64.62,07951,GUIMARAES,MA,32.05444444444444,2. ruim,32.56555555555556
MA,2109700,SAMBAÍBA,PP,16.94,08931,SAMBAIBA,MA,18.236666666666668,1. péssimo,-1.2966666666666669
MA,2104073,FEIRA NOVA DO MARANHÃO,UNIÃO,15.68,07528,FEIRA NOVA DO MARANHAO,MA,31.816666666666666,2. ruim,-16.136666666666667
MA,2102903,CARUTAPERA,PP,16.94,07552,CARUTAPERA,MA,33.46454545454545,2. ruim,-16.52454545454545
MA,2112704,VARGEM GRANDE,PP,16.94,09474,VARGEM GRANDE,MA,18.020833333333332,1. péssimo,-1.0808333333333309
MA,2102606,CÂNDIDO MENDES,PL,7.85,07498,CANDIDO MENDES,MA,43.04454545454546,2. ruim,-35.194545454545455
MA,2109270,PRESIDENTE SARNEY,UNIÃO,15.68,08141,PRESIDENTE SARNEY,MA,35.407272727272726,2. ruim,-19.727272727272727
MA,2105351,ITAIPAVA DO GRAJAÚ,PDT,56.75,07706,ITAIPAVA DO GRAJAU,MA,55.37777777777778,3. regular,1.37222222222222
MA,2105609,JOSELÂNDIA,REPUBLICANOS,14.1,08117,JOSELANDIA,MA,16.799090909090907,1. péssimo,-2.6990909090909074
MA,2109759,SANTA FILOMENA DO MARANHÃO,PP,16.94,08206,SANTA FILOMENA DO MARANHAO,MA,24.615555555555556,1. péssimo,-7.675555555555555
MA,2112852,VILA NOVA DOS MARTÍRIOS,PL,7.85,08621,VILA NOVA DOS MARTIRIOS,MA,13.487777777777778,1. péssimo,-5.637777777777778
MA,2108009,PASTOS BONS,MDB,17.41,08591,PASTOS BONS,MA,17.208571428571428,1. péssimo,0.20142857142857196
MA,2112001,TASSO FRAGOSO,REPUBLICANOS,14.1,09334,TASSO FRAGOSO,MA,23.432222222222222,1. péssimo,-9.332222222222223
MA,2104602,GOVERNADOR EUGÊNIO BARROS,MDB,17.41,07897,GOVERNADOR EUGENIO BARROS,MA,15.73,1. péssimo,1.6799999999999997
MA,2110856,SÃO FRANCISCO DO BREJÃO,PP,16.94,08281,SAO FRANCISCO DO BREJAO,MA,21.861428571428572,1. péssimo,-4.921428571428571
MA,2103604,COROATÁ,PSB,60.65,07692,COROATA,MA,43.38933333333333,2. ruim,17.260666666666665
MA,2104305,GODOFREDO VIANA,PSB,60.65,07838,GODOFREDO VIANA,MA,39.58555555555556,2. ruim,21.06444444444444
MA,2100436,ALTO ALEGRE DO MARANHÃO,UNIÃO,15.68,07021,ALTO ALEGRE DO MARANHAO,MA,22.313636363636363,1. péssimo,-6.633636363636363
MA,2103174,CENTRO NOVO DO MARANHÃO,PSDB,15.21,07463,CENTRO NOVO DO MARANHAO,MA,19.901818181818182,1. péssimo,-4.6918181818181814
MA,2108900,POÇÃO DE PEDRAS,REPUBLICANOS,14.1,08753,POCAO DE PEDRAS,MA,58.52272727272727,3. regular,-44.42272727272727
MA,2106631,MATÕES DO NORTE,MDB,17.41,07943,MATOES DO NORTE,MA,41.093333333333334,2. ruim,-23.683333333333334
MA,2111532,SÃO PEDRO DA ÁGUA BRANCA,PL,7.85,08389,SAO PEDRO DA AGUA BRANCA,MA,13.156666666666666,1. péssimo,-5.306666666666667
MA,2100709,ANAJATUBA,MDB,17.41,07137,ANAJATUBA,MA,24.528181818181817,1. péssimo,-7.118181818181817
MA,2107605,PALMEIRÂNDIA,PL,7.85,08516,PALMEIRANDIA,MA,26.86090909090909,2. ruim,-19.010909090909088
MA,2101772,BELA VISTA DO MARANHÃO,PP,16.94,07188,BELA VISTA DO MARANHAO,MA,30.932222222222222,2. ruim,-13.992222222222221
MA,2112803,VIANA,PL,7.85,09490,VIANA,MA,25.074,2. ruim,-17.224000000000004
MA,2105203,IGARAPÉ GRANDE,PDT,56.75,08010,IGARAPE GRANDE,MA,35.016666666666666,2. ruim,21.733333333333334
MA,2100402,ALTAMIRA DO MARANHÃO,PL,7.85,07072,ALTAMIRA DO MARANHAO,MA,13.07,1. péssimo,-5.220000000000001
MA,2107407,OLHO D'ÁGUA DAS CUNHÃS,PP,16.94,08478,OLHO D'AGUA DAS CUNHAS,MA,25.915454545454548,2. ruim,-8.975454545454546
MA,2112100,TIMBIRAS,PRD,20.83,09350,TIMBIRAS,MA,40.093636363636364,2. ruim,-19.263636363636365
MA,2103307,CODÓ,PT,73.72,07633,CODO,MA,26.074375,2. ruim,47.645624999999995
MA,2105401,ITAPECURU MIRIM,PRD,20.83,08079,ITAPECURU MIRIM,MA,20.7,1. péssimo,0.129999999999999
MA,2105708,LAGO DA PEDRA,PP,16.94,08133,LAGO DA PEDRA,MA,24.323076923076925,1. péssimo,-7.383076923076924
MA,2112456,TURILÂNDIA,UNIÃO,15.68,08605,TURILANDIA,MA,20.293636363636363,1. péssimo,-4.613636363636363
MA,2100873,ARAGUANÃ,PL,7.85,07102,ARAGUANA,MA,15.31111111111111,1. péssimo,-7.46111111111111
MA,2111748,SENADOR ALEXANDRE COSTA,REPUBLICANOS,14.1,08486,SENADOR ALEXANDRE COSTA,MA,34.53111111111111,2. ruim,-20.431111111111107
MA,2108801,PIRAPEMAS,PSB,60.65,08737,PIRAPEMAS,MA,35.04363636363636,2. ruim,25.60636363636364
MA,2102150,BREJO DE AREIA,PP,16.94,07307,BREJO DE AREIA,MA,16.240000000000002,1. péssimo,0.6999999999999993
MA,2109502,RIACHÃO,MDB,17.41,08877,RIACHAO,MA,18.33909090909091,1. péssimo,-0.9290909090909096
MA,2101004,ARARI,MDB,17.41,07196,ARARI,MA,26.874,2. ruim,-9.463999999999999
MA,2104552,GOVERNADOR EDISON LOBÃO,PP,16.94,07609,GOVERNADOR EDISON LOBAO,MA,25.166363636363634,2. ruim,-8.226363636363633
MA,2102705,CANTANHEDE,MDB,17.41,07510,CANTANHEDE,MA,32.97636363636364,2. ruim,-15.566363636363636
MA,2111052,SÃO JOÃO DO PARAÍSO,MDB,17.41,08320,SAO JOAO DO PARAISO,MA,16.15,1. péssimo,1.2600000000000016
MA,2107258,NOVA COLINAS,UNIÃO,15.68,07986,NOVA COLINAS,MA,16.400000000000002,1. péssimo,-0.7200000000000024
MA,2111029,SÃO JOÃO DO CARÚ,PL,7.85,08303,SAO JOAO DO CARU,MA,14.780909090909091,1. péssimo,-6.930909090909092
MA,2112902,VITÓRIA DO MEARIM,PL,7.85,09512,VITORIA DO MEARIM,MA,28.104615384615386,2. ruim,-20.254615384615384
MA,2103703,CURURUPU,REPUBLICANOS,14.1,07714,CURURUPU,MA,42.424615384615386,2. ruim,-28.324615384615385
MA,2101251,BACABEIRA,MOBILIZA,NA,07129,BACABEIRA,MA,33.64888888888889,2. ruim,NA
MA,2110203,SANTA RITA,MOBILIZA,NA,09016,SANTA RITA,MA,26.49222222222222,2. ruim,NA
MA,2105153,IGARAPÉ DO MEIO,PL,7.85,07684,IGARAPE DO MEIO,MA,8.86,1. péssimo,-1.0099999999999998
MA,2103752,DAVINÓPOLIS,PDT,56.75,07242,DAVINOPOLIS,MA,26.6275,2. ruim,30.1225
MA,2104404,GONÇALVES DIAS,MDB,17.41,07854,GONCALVES DIAS,MA,44.24545454545454,2. ruim,-26.835454545454542
MA,2111763,SENADOR LA ROCQUE,MDB,17.41,08508,SENADOR LA ROCQUE,MA,37.87444444444444,2. ruim,-20.464444444444442
MA,2102077,BOM LUGAR,UNIÃO,15.68,07285,BOM LUGAR,MA,16.023636363636363,1. péssimo,-0.34363636363636374
MA,2106326,MARACAÇUMÉ,PL,7.85,07889,MARACACUME,MA,31.536363636363635,2. ruim,-23.686363636363637
MA,2107704,PARAIBANO,UNIÃO,15.68,08532,PARAIBANO,MA,24.005454545454548,1. péssimo,-8.325454545454548
MA,2100600,AMARANTE DO MARANHÃO,MDB,17.41,07110,AMARANTE DO MARANHAO,MA,31.155384615384616,2. ruim,-13.745384615384616
MA,2111722,SATUBINHA,PL,7.85,08460,SATUBINHA,MA,9.59,1. péssimo,-1.7400000000000002
MA,2108256,PEDRO DO ROSÁRIO,PC do B,94.23,08060,PEDRO DO ROSARIO,MA,64.26,4. bom,29.97
MA,2106201,LUÍS DOMINGUES,PL,7.85,08230,LUIS DOMINGUES,MA,25.85222222222222,2. ruim,-18.002222222222223
MA,2106755,MIRANDA DO NORTE,AVANTE,33.86,09695,MIRANDA DO NORTE,MA,24.97909090909091,1. péssimo,8.880909090909089
MA,2109601,ROSÁRIO,PDT,56.75,08915,ROSARIO,MA,24.900000000000002,1. péssimo,31.849999999999998
MA,2110302,SANTO ANTÔNIO DOS LOPES,PL,7.85,09032,SANTO ANTONIO DOS LOPES,MA,18.43111111111111,1. péssimo,-10.581111111111111
MA,2107100,MORROS,PL,7.85,08419,MORROS,MA,26.97272727272727,2. ruim,-19.122727272727268
MA,2105500,JOÃO LISBOA,PSDB,15.21,08095,JOAO LISBOA,MA,17.66,1. péssimo,-2.4499999999999993
MT,5104526,IPIRANGA DO NORTE,PL,7.85,91081,IPIRANGA DO NORTE,MT,12.735555555555555,1. péssimo,-4.885555555555555
MT,5107792,SANTO ANTÔNIO DO LESTE,PL,7.85,89843,SANTO ANTONIO DO LESTE,MT,19.115555555555556,1. péssimo,-11.265555555555556
MT,5107875,SAPEZAL,REPUBLICANOS,14.1,90727,SAPEZAL,MT,13.558181818181819,1. péssimo,0.5418181818181811
MT,5104906,JANGADA,PSD,23.02,90565,JANGADA,MT,27.90888888888889,2. ruim,-4.888888888888889
MT,5102793,CARLINDA,UNIÃO,15.68,90760,CARLINDA,MT,17.537777777777777,1. péssimo,-1.8577777777777769
MT,5106232,NOVA OLÍMPIA,PL,7.85,98736,NOVA OLIMPIA,MT,14.635555555555555,1. péssimo,-6.785555555555556
MT,5101001,ARAGUAIANA,MDB,17.41,98639,ARAGUAIANA,MT,26.39,2. ruim,-8.98
MT,5108600,VILA RICA,PL,7.85,98990,VILA RICA,MT,15.44,1. péssimo,-7.59
MT,5106216,NOVA CANAÃ DO NORTE,UNIÃO,15.68,98752,NOVA CANAA DO NORTE,MT,15.29111111111111,1. péssimo,0.3888888888888893
MT,5108808,NOVA GUARITA,UNIÃO,15.68,90140,NOVA GUARITA,MT,14.516666666666666,1. péssimo,1.163333333333334
MT,5108055,TERRA NOVA DO NORTE,MDB,17.41,98957,TERRA NOVA DO NORTE,MT,29.698888888888888,2. ruim,-12.288888888888888
MT,5103452,DENISE,UNIÃO,15.68,98337,DENISE,MT,18.398888888888887,1. péssimo,-2.7188888888888876
MT,5106158,NOVA BANDEIRANTES,REPUBLICANOS,14.1,90387,NOVA BANDEIRANTES,MT,13.797777777777778,1. péssimo,0.3022222222222215
MT,5108105,TESOURO,PSB,60.65,91618,TESOURO,MT,51.04111111111111,3. regular,9.608888888888892
MT,5103957,GLÓRIA D'OESTE,PSD,23.02,90204,GLORIA D'OESTE,MT,15.604444444444445,1. péssimo,7.415555555555555
MT,5103106,COCALINHO,UNIÃO,15.68,98671,COCALINHO,MT,25.473333333333333,2. ruim,-9.793333333333333
MT,5105507,VILA BELA DA SANTÍSSIMA TRINDADE,MDB,17.41,91090,VILA BELA DA SANTISSIMA TRINDADE,MT,19.21,1. péssimo,-1.8000000000000007
MT,5103700,FELIZ NATAL,MDB,17.41,90786,FELIZ NATAL,MT,25.26,2. ruim,-7.850000000000001
MT,5106828,PORTO ESPERIDIÃO,PSDB,15.21,98876,PORTO ESPERIDIAO,MT,26.785555555555558,2. ruim,-11.575555555555557
MT,5103908,GENERAL CARNEIRO,MDB,17.41,90778,GENERAL CARNEIRO,MT,33.44111111111111,2. ruim,-16.031111111111112
MT,5105176,JURUENA,UNIÃO,15.68,90581,JURUENA,MT,26.505555555555556,2. ruim,-10.825555555555557
MT,5106273,NOVO HORIZONTE DO NORTE,REPUBLICANOS,14.1,98795,NOVO HORIZONTE DO NORTE,MT,18.643333333333334,1. péssimo,-4.543333333333335
MT,5102850,CASTANHEIRA,UNIÃO,15.68,90549,CASTANHEIRA,MT,19.903333333333332,1. péssimo,-4.223333333333333
MT,5101308,ARENÁPOLIS,PP,16.94,90255,ARENAPOLIS,MT,16.081111111111113,1. péssimo,0.8588888888888881
MT,5107065,QUERÊNCIA,PRD,20.83,90069,QUERENCIA,MT,15.192727272727273,1. péssimo,5.637272727272725
MT,5101704,BARRA DO BUGRES,REPUBLICANOS,14.1,90336,BARRA DO BUGRES,MT,13.09,1. péssimo,1.0099999999999998
MT,5107206,RIO BRANCO,REPUBLICANOS,14.1,89958,RIO BRANCO,MT,19.56,1. péssimo,-5.459999999999999
MT,5103502,DIAMANTINO,UNIÃO,15.68,90697,DIAMANTINO,MT,15.65,1. péssimo,0.02999999999999936
MT,5102702,CANARANA,UNIÃO,15.68,91936,CANARANA,MT,15.00909090909091,1. péssimo,0.67090909090909
MT,5105622,MIRASSOL D'OESTE,UNIÃO,15.68,91774,MIRASSOL D'OESTE,MT,15.291818181818181,1. péssimo,0.3881818181818186
MT,5107776,SANTA TEREZINHA,PSB,60.65,91979,SANTA TEREZINHA,MT,36.05111111111111,2. ruim,24.598888888888887
MT,5102504,CÁCERES,PSB,60.65,90476,CACERES,MT,30.726666666666667,2. ruim,29.923333333333332
MT,5106109,NOSSA SENHORA DO LIVRAMENTO,UNIÃO,15.68,91219,NOSSA SENHORA DO LIVRAMENTO,MT,32.45444444444444,2. ruim,-16.77444444444444
MT,5103379,COTRIGUAÇU,UNIÃO,15.68,90425,COTRIGUACU,MT,13.973333333333333,1. péssimo,1.706666666666667
MT,5106265,NOVO MUNDO,MDB,17.41,90808,NOVO MUNDO,MT,19.537777777777777,1. péssimo,-2.1277777777777764
MT,5106190,NOVA SANTA HELENA,UNIÃO,15.68,89826,NOVA SANTA HELENA,MT,15.362222222222222,1. péssimo,0.3177777777777777
MT,5106281,NOVO SÃO JOAQUIM,PL,7.85,98779,NOVO SAO JOAQUIM,MT,14.431111111111111,1. péssimo,-6.581111111111111
MT,5103007,CHAPADA DOS GUIMARÃES,UNIÃO,15.68,90590,CHAPADA DOS GUIMARAES,MT,15.732727272727272,1. péssimo,-0.052727272727272734
MT,5100805,APIACÁS,MDB,17.41,90263,APIACAS,MT,13.926666666666668,1. péssimo,3.4833333333333325
MT,5105309,LUCIARA,MDB,17.41,91057,LUCIARA,MT,31.386666666666667,2. ruim,-13.976666666666667
MT,5106240,NOVA UBIRATÃ,UNIÃO,15.68,90883,NOVA UBIRATA,MT,25.415555555555557,2. ruim,-9.735555555555557
MT,5105002,JAURU,UNIÃO,15.68,89915,JAURU,MT,22.607777777777777,1. péssimo,-6.927777777777777
MT,5108857,NOVA MARILÂNDIA,PP,16.94,90166,NOVA MARILANDIA,MT,16.081111111111113,1. péssimo,0.8588888888888881
MT,5101407,ARIPUANÃ,UNIÃO,15.68,90271,ARIPUANA,MT,14.523636363636363,1. péssimo,1.1563636363636363
MT,5107859,SÃO FÉLIX DO ARAGUAIA,REPUBLICANOS,14.1,91839,SAO FELIX DO ARAGUAIA,MT,17.223333333333333,1. péssimo,-3.123333333333333
MT,5103437,CURVELÂNDIA,UNIÃO,15.68,89800,CURVELANDIA,MT,24.95777777777778,1. péssimo,-9.277777777777779
MT,5106174,NOVA NAZARÉ,PSB,60.65,90964,NOVA NAZARE,MT,25.90111111111111,2. ruim,34.748888888888885
MT,5100300,ALTO ARAGUAIA,UNIÃO,15.68,90050,ALTO ARAGUAIA,MT,29.53727272727273,2. ruim,-13.85727272727273
MT,5100508,ALTO PARAGUAI,MDB,17.41,90093,ALTO PARAGUAI,MT,29.391111111111112,2. ruim,-11.981111111111112
MT,5106752,PONTES E LACERDA,PL,7.85,89990,PONTES E LACERDA,MT,12.492222222222223,1. péssimo,-4.642222222222223
MT,5106802,PORTO DOS GAÚCHOS,MDB,17.41,91359,PORTO DOS GAUCHOS,MT,27.257777777777775,2. ruim,-9.847777777777775
MT,5101209,ARAGUAINHA,UNIÃO,15.68,90239,ARAGUAINHA,MT,19.32111111111111,1. péssimo,-3.641111111111112
MT,5104542,ITANHANGÁ,PL,7.85,91103,ITANHANGA,MT,22.904444444444444,1. péssimo,-15.054444444444444
MT,5103601,DOM AQUINO,REPUBLICANOS,14.1,90719,DOM AQUINO,MT,27.785555555555554,2. ruim,-13.685555555555554
MT,5108204,TORIXORÉU,PSB,60.65,91634,TORIXOREU,MT,36.43555555555555,2. ruim,24.214444444444446
MT,5106422,PEIXOTO DE AZEVEDO,UNIÃO,15.68,98817,PEIXOTO DE AZEVEDO,MT,17.23,1. péssimo,-1.5500000000000007
MT,5106299,PARANAÍTA,UNIÃO,15.68,98833,PARANAITA,MT,15.427777777777777,1. péssimo,0.25222222222222257
MT,5101902,BRASNORTE,UNIÃO,15.68,90468,BRASNORTE,MT,23.061818181818182,1. péssimo,-7.381818181818183
MT,5107354,SÃO JOSÉ DO XINGU,UNIÃO,15.68,90247,SAO JOSE DO XINGU,MT,31.63888888888889,2. ruim,-15.95888888888889
MT,5107768,SANTA RITA DO TRIVELATO,MDB,17.41,91049,SANTA RITA DO TRIVELATO,MT,32.68555555555555,2. ruim,-15.275555555555552
MT,5101852,BOM JESUS DO ARAGUAIA,PSB,60.65,90905,BOM JESUS DO ARAGUAIA,MT,39.79333333333333,2. ruim,20.85666666666667
MT,5107107,SÃO JOSÉ DOS QUATRO MARCOS,UNIÃO,15.68,89931,SAO JOSE DOS QUATRO MARCOS,MT,21.748181818181816,1. péssimo,-6.068181818181817
MT,5102686,CAMPOS DE JÚLIO,UNIÃO,15.68,90743,CAMPOS DE JULIO,MT,14.976666666666667,1. péssimo,0.7033333333333331
MT,5102694,CANABRAVA DO NORTE,UNIÃO,15.68,90085,CANABRAVA DO NORTE,MT,20.793333333333333,1. péssimo,-5.113333333333333
MT,5107701,ROSÁRIO OESTE,PSB,60.65,91537,ROSARIO OESTE,MT,23.78727272727273,1. péssimo,36.86272727272727
MT,5103254,COLNIZA,UNIÃO,15.68,89788,COLNIZA,MT,15.977272727272727,1. péssimo,-0.2972727272727269
MT,5102678,CAMPO VERDE,UNIÃO,15.68,90506,CAMPO VERDE,MT,18.548461538461538,1. péssimo,-2.8684615384615384
MT,5105150,JUÍNA,UNIÃO,15.68,98310,JUINA,MT,19.39846153846154,1. péssimo,-3.71846153846154
MT,5105101,JUARA,PRD,20.83,98191,JUARA,MT,20.30222222222222,1. péssimo,0.5277777777777786
MT,5106257,NOVA XAVANTINA,UNIÃO,15.68,91952,NOVA XAVANTINA,MT,17.324545454545454,1. péssimo,-1.6445454545454545
MT,5105903,NOBRES,UNIÃO,15.68,91170,NOBRES,MT,24.508181818181818,1. péssimo,-8.828181818181818
MT,5107297,SÃO JOSÉ DO POVO,PSB,60.65,90026,SAO JOSE DO POVO,MT,36.42777777777778,2. ruim,24.22222222222222
MT,5107263,SANTO AFONSO,UNIÃO,15.68,90328,SANTO AFONSO,MT,13.413333333333332,1. péssimo,2.2666666666666675
MT,5105234,LAMBARI D'OESTE,UNIÃO,15.68,90301,LAMBARI D'OESTE,MT,20.605555555555554,1. péssimo,-4.925555555555555
MT,5103304,COMODORO,UNIÃO,15.68,99015,COMODORO,MT,25.45,2. ruim,-9.77
MT,5100409,ALTO GARÇAS,PL,7.85,90077,ALTO GARCAS,MT,18.112222222222222,1. péssimo,-10.262222222222222
MT,5104203,GUIRATINGA,UNIÃO,15.68,90832,GUIRATINGA,MT,17.59111111111111,1. péssimo,-1.9111111111111114
MT,5107040,PRIMAVERA DO LESTE,PL,7.85,98892,PRIMAVERA DO LESTE,MT,18.645333333333333,1. péssimo,-10.795333333333334
MT,5107248,SANTA CARMEM,PL,7.85,90107,SANTA CARMEM,MT,17.77888888888889,1. péssimo,-9.92888888888889
MT,5104609,ITIQUIRA,UNIÃO,15.68,90913,ITIQUIRA,MT,23.2975,1. péssimo,-7.6175
MT,5105580,MARCELÂNDIA,UNIÃO,15.68,98710,MARCELANDIA,MT,16.448888888888888,1. péssimo,-0.7688888888888883
MT,5108956,NOVA MONTE VERDE,UNIÃO,15.68,90360,NOVA MONTE VERDE,MT,15.7,1. péssimo,-0.019999999999999574
MT,5106455,PLANALTO DA SERRA,UNIÃO,15.68,90344,PLANALTO DA SERRA,MT,23.84777777777778,1. péssimo,-8.16777777777778
MT,5106703,PONTE BRANCA,UNIÃO,15.68,91332,PONTE BRANCA,MT,35.946666666666665,2. ruim,-20.266666666666666
MT,5100607,ALTO TAQUARI,UNIÃO,15.68,98612,ALTO TAQUARI,MT,21.772222222222222,1. péssimo,-6.092222222222222
MT,5100201,ÁGUA BOA,MDB,17.41,91910,AGUA BOA,MT,19.313636363636363,1. péssimo,-1.9036363636363625
MT,5107800,SANTO ANTÔNIO DO LEVERGER,PSB,60.65,91553,SANTO ANTONIO DO LEVERGER,MT,31.423636363636362,2. ruim,29.226363636363637
MT,5107602,RONDONÓPOLIS,PL,7.85,91510,RONDONOPOLIS,MT,29.848095238095237,2. ruim,-21.99809523809524
MT,5107750,SALTO DO CÉU,REPUBLICANOS,14.1,89974,SALTO DO CEU,MT,13.985555555555555,1. péssimo,0.11444444444444457
MT,5103858,GAÚCHA DO NORTE,UNIÃO,15.68,90824,GAUCHA DO NORTE,MT,19.093333333333334,1. péssimo,-3.413333333333334
MT,5108907,NOVA MARINGÁ,UNIÃO,15.68,90123,NOVA MARINGA,MT,17.897777777777776,1. péssimo,-2.2177777777777763
MT,5105259,LUCAS DO RIO VERDE,REPUBLICANOS,14.1,90603,LUCAS DO RIO VERDE,MT,15.62,1. péssimo,-1.5199999999999996
MT,5106505,POCONÉ,PODE,20.7,91294,POCONE,MT,27.958181818181817,2. ruim,-7.258181818181818
MT,5107883,SERRA NOVA DOURADA,MDB,17.41,90921,SERRA NOVA DOURADA,MT,20.263333333333335,1. péssimo,-2.8533333333333353
MT,5101605,BARÃO DE MELGAÇO,UNIÃO,15.68,90310,BARAO DE MELGACO,MT,16.675,1. péssimo,-0.995000000000001
MT,5108402,VÁRZEA GRANDE,PL,7.85,91677,VARZEA GRANDE,MT,24.213636363636365,1. péssimo,-16.363636363636367
MT,5107909,SINOP,PL,7.85,89850,SINOP,MT,14.427333333333333,1. péssimo,-6.577333333333334
MT,5107925,SORRISO,UNIÃO,15.68,98930,SORRISO,MT,12.806363636363637,1. péssimo,2.873636363636363
MT,5107578,RONDOLÂNDIA,MDB,17.41,89960,RONDOLANDIA,MT,16.325555555555557,1. péssimo,1.0844444444444434
MT,5100359,ALTO BOA VISTA,PSB,60.65,90042,ALTO BOA VISTA,MT,29.36777777777778,2. ruim,31.28222222222222
MT,5101258,ARAPUTANGA,UNIÃO,15.68,89893,ARAPUTANGA,MT,23.686666666666667,1. péssimo,-8.006666666666668
MT,5106778,PORTO ALEGRE DO NORTE,UNIÃO,15.68,98850,PORTO ALEGRE DO NORTE,MT,21.854444444444443,1. péssimo,-6.174444444444443
MT,5108501,VERA,MDB,17.41,98973,VERA,MT,15.805555555555555,1. péssimo,1.6044444444444448
MT,5104104,GUARANTÃ DO NORTE,NOVO,6.94,99058,GUARANTA DO NORTE,MT,16.968888888888888,1. péssimo,-10.028888888888886
MT,5104500,INDIAVAÍ,PRD,20.83,99074,INDIAVAI,MT,16.828888888888887,1. péssimo,4.001111111111111
MT,5101803,BARRA DO GARÇAS,UNIÃO,15.68,90352,BARRA DO GARCAS,MT,17.813846153846153,1. péssimo,-2.1338461538461537
MT,5106182,NOVA LACERDA,PL,7.85,90867,NOVA LACERDA,MT,13.676666666666666,1. péssimo,-5.826666666666666
MT,5106208,NOVA BRASILÂNDIA,UNIÃO,15.68,89818,NOVA BRASILANDIA,MT,43.56777777777778,2. ruim,-27.887777777777778
MT,5103205,COLÍDER,PRD,20.83,89796,COLIDER,MT,14.527692307692307,1. péssimo,6.302307692307691
MT,5107008,POXORÉU,REPUBLICANOS,14.1,91391,POXOREO,MT,16.243636363636362,1. péssimo,-2.1436363636363627
MT,5107305,SÃO JOSÉ DO RIO CLARO,PL,7.85,91995,SAO JOSE DO RIO CLARO,MT,12.501111111111111,1. péssimo,-4.651111111111112
MT,5107958,TANGARÁ DA SERRA,UNIÃO,15.68,91855,TANGARA DA SERRA,MT,15.397857142857143,1. péssimo,0.2821428571428566
MT,5106372,PEDRA PRETA,PSDB,15.21,91812,PEDRA PRETA,MT,27.985454545454544,2. ruim,-12.775454545454544
MT,5103353,CONFRESA,MDB,17.41,90280,CONFRESA,MT,19.894545454545455,1. péssimo,-2.4845454545454544
MT,5106224,NOVA MUTUM,UNIÃO,15.68,90646,NOVA MUTUM,MT,14.401538461538461,1. péssimo,1.2784615384615385
MT,5100102,ACORIZAL,UNIÃO,15.68,90018,ACORIZAL,MT,26.093333333333334,2. ruim,-10.413333333333334
MT,5102637,CAMPO NOVO DO PARECIS,PL,7.85,90484,CAMPO NOVO DO PARECIS,MT,21.682222222222222,1. péssimo,-13.832222222222223
MT,5106315,NOVO SANTO ANTÔNIO,PSB,60.65,90948,NOVO SANTO ANTONIO,MT,30.184444444444445,2. ruim,30.465555555555554
MT,5107743,SANTA CRUZ DO XINGU,UNIÃO,15.68,90980,SANTA CRUZ DO XINGU,MT,15.172222222222222,1. péssimo,0.5077777777777772
MT,5103809,FIGUEIRÓPOLIS D'OESTE,REPUBLICANOS,14.1,99031,FIGUEIROPOLIS D'OESTE,MT,14.47,1. péssimo,-0.370000000000001
MT,5106000,NORTELÂNDIA,UNIÃO,15.68,91197,NORTELANDIA,MT,26.63,2. ruim,-10.95
MT,5107180,RIBEIRÃO CASCALHEIRA,PL,7.85,90662,RIBEIRAO CASCALHEIRA,MT,30.826666666666664,2. ruim,-22.976666666666667
MT,5107156,RESERVA DO CABAÇAL,PP,16.94,98914,RESERVA DO CABACAL,MT,16.308888888888887,1. péssimo,0.6311111111111138
MT,5103361,CONQUISTA D'OESTE,PL,7.85,91006,CONQUISTA D'OESTE,MT,11.02875,1. péssimo,-3.178750000000001
MT,5102603,CAMPINÁPOLIS,REPUBLICANOS,14.1,98655,CAMPINAPOLIS,MT,33.834545454545456,2. ruim,-19.734545454545454
MT,5100250,ALTA FLORESTA,UNIÃO,15.68,89877,ALTA FLORESTA,MT,18.954,1. péssimo,-3.274000000000001
MT,5104559,ITAÚBA,PSB,60.65,98698,ITAUBA,MT,25.58111111111111,2. ruim,35.06888888888889
MT,5105606,MATUPÁ,UNIÃO,15.68,90620,MATUPA,MT,13.605555555555556,1. péssimo,2.0744444444444436
MT,5106851,PORTO ESTRELA,PP,16.94,90182,PORTO ESTRELA,MT,32.68222222222222,2. ruim,-15.742222222222221
MT,5107941,TABAPORÃ,PL,7.85,90220,TABAPORA,MT,12.724444444444444,1. péssimo,-4.874444444444444
MT,5108006,TAPURAH,PL,7.85,90689,TAPURAH,MT,13.255555555555555,1. péssimo,-5.405555555555555
MT,5106307,PARANATINGA,UNIÃO,15.68,89834,PARANATINGA,MT,14.211818181818181,1. péssimo,1.4681818181818187
MT,5107198,RIBEIRÃOZINHO,PSB,60.65,90441,RIBEIRAOZINHO,MT,42.57222222222222,2. ruim,18.077777777777776
MT,5103056,CLÁUDIA,UNIÃO,15.68,90522,CLAUDIA,MT,15.817777777777778,1. péssimo,-0.137777777777778
MT,5106653,PONTAL DO ARAGUAIA,MDB,17.41,90700,PONTAL DO ARAGUAIA,MT,33.693333333333335,2. ruim,-16.283333333333335
MT,5108303,UNIÃO DO SUL,UNIÃO,15.68,90840,UNIAO DO SUL,MT,20.965555555555554,1. péssimo,-5.285555555555554
MT,5108352,VALE DE SÃO DOMINGOS,PSDB,15.21,91022,VALE DE SAO DOMINGOS,MT,15.662222222222223,1. péssimo,-0.45222222222222186
PA,1502954,ELDORADO DOS CARAJÁS,MDB,17.41,04120,ELDORADO DOS CARAJAS,PA,23.91090909090909,1. péssimo,-6.50090909090909
PA,1504752,MOJUÍ DOS CAMPOS,PSD,23.02,04863,MOJUI DOS CAMPOS,PA,18.437272727272727,1. péssimo,4.582727272727272
PA,1501600,BONITO,MDB,17.41,04316,BONITO,PA,27.89666666666667,2. ruim,-10.486666666666668
PA,1508050,TRAIRÃO,AVANTE,33.86,04286,TRAIRAO,PA,21.632727272727273,1. péssimo,12.227272727272727
PA,1506351,SANTA BÁRBARA DO PARÁ,MDB,17.41,04243,SANTA BARBARA DO PARA,PA,27.37181818181818,2. ruim,-9.961818181818181
PA,1501006,AVEIRO,MDB,17.41,04197,AVEIRO,PA,26.286,2. ruim,-8.876000000000001
PA,1502756,CONCÓRDIA DO PARÁ,MDB,17.41,05819,CONCORDIA DO PARA,PA,37.16818181818182,2. ruim,-19.75818181818182
PA,1502707,CONCEIÇÃO DO ARAGUAIA,MDB,17.41,04537,CONCEICAO DO ARAGUAIA,PA,27.71923076923077,2. ruim,-10.30923076923077
PA,1500107,ABAETETUBA,MDB,17.41,04014,ABAETETUBA,PA,20.564666666666668,1. péssimo,-3.1546666666666674
PA,1503077,GARRAFÃO DO NORTE,PSD,23.02,05878,GARRAFAO DO NORTE,PA,19.445454545454545,1. péssimo,3.5745454545454542
PA,1506906,SANTARÉM NOVO,MDB,17.41,05371,SANTAREM NOVO,PA,17.264444444444443,1. péssimo,0.145555555555557
PA,1500909,AUGUSTO CORRÊA,MDB,17.41,04170,AUGUSTO CORREA,PA,23.555384615384618,1. péssimo,-6.145384615384618
PA,1503606,ITAITUBA,MDB,17.41,04715,ITAITUBA,PA,23.027058823529412,1. péssimo,-5.617058823529412
PA,1501808,BREVES,MDB,17.41,04359,BREVES,PA,27.62470588235294,2. ruim,-10.214705882352941
PA,1508001,TOMÉ-AÇU,MDB,17.41,05592,TOME-ACU,PA,26.324666666666666,2. ruim,-8.914666666666665
PA,1502202,CAPANEMA,PP,16.94,04430,CAPANEMA,PA,29.353636363636365,2. ruim,-12.413636363636364
PA,1505700,PONTA DE PEDRAS,UNIÃO,15.68,05134,PONTA DE PEDRAS,PA,33.38,2. ruim,-17.700000000000003
PA,1508308,VISEU,PP,16.94,05657,VISEU,PA,23.89076923076923,1. péssimo,-6.950769230769229
PA,1502400,CASTANHAL,UNIÃO,15.68,04472,CASTANHAL,PA,30.70904761904762,2. ruim,-15.02904761904762
PA,1501253,BANNACH,UNIÃO,15.68,04588,BANNACH,PA,25.218888888888888,2. ruim,-9.538888888888888
PA,1506583,SANTA MARIA DAS BARREIRAS,UNIÃO,15.68,05991,SANTA MARIA DAS BARREIRAS,PA,22.10090909090909,1. péssimo,-6.420909090909092
PA,1501501,BENEVIDES,MDB,17.41,04294,BENEVIDES,PA,30.123076923076923,2. ruim,-12.713076923076922
PA,1504000,LIMOEIRO DO AJURU,MDB,17.41,04790,LIMOEIRO DO AJURU,PA,29.724545454545456,2. ruim,-12.314545454545456
PA,1505551,PAU D'ARCO,MDB,17.41,04308,PAU D'ARCO,PA,35.632222222222225,2. ruim,-18.222222222222225
PA,1500347,ÁGUA AZUL DO NORTE,UNIÃO,15.68,04260,AGUA AZUL DO NORTE,PA,16.563636363636363,1. péssimo,-0.8836363636363629
PA,1501709,BRAGANÇA,MDB,17.41,04332,BRAGANCA,PA,24.917368421052632,1. péssimo,-7.507368421052632
PA,1506187,RONDON DO PARÁ,MDB,17.41,05738,RONDON DO PARA,PA,26.93,2. ruim,-9.52
PA,1508084,TUCUMÃ,UNIÃO,15.68,04081,TUCUMA,PA,25.746153846153845,2. ruim,-10.066153846153846
PA,1502301,CAPITÃO POÇO,PP,16.94,04456,CAPITAO POCO,PA,27.832666666666665,2. ruim,-10.892666666666663
PA,1500800,ANANINDEUA,PSB,60.65,04154,ANANINDEUA,PA,28.347272727272728,2. ruim,32.30272727272727
PA,1502608,COLARES,MDB,17.41,04510,COLARES,PA,25.47111111111111,2. ruim,-8.06111111111111
PA,1507607,SÃO MIGUEL DO GUAMÁ,MDB,17.41,05517,SAO MIGUEL DO GUAMA,PA,31.980666666666668,2. ruim,-14.570666666666668
PA,1504901,MUANÁ,PSD,23.02,04979,MUANA,PA,31.002307692307692,2. ruim,-7.9823076923076925
PA,1502103,CAMETÁ,MDB,17.41,04413,CAMETA,PA,32.171176470588236,2. ruim,-14.761176470588236
PA,1506708,SANTANA DO ARAGUAIA,MDB,17.41,05339,SANTANA DO ARAGUAIA,PA,22.53153846153846,1. péssimo,-5.12153846153846
PA,1504059,MÃE DO RIO,MDB,17.41,04103,MAE DO RIO,PA,21.27769230769231,1. péssimo,-3.867692307692309
PA,1506203,SALINÓPOLIS,PP,16.94,05231,SALINOPOLIS,PA,17.813076923076924,1. péssimo,-0.8730769230769226
PA,1504109,MAGALHÃES BARATA,PDT,56.75,04812,MAGALHAES BARATA,PA,34.07333333333333,2. ruim,22.67666666666667
PA,1506500,SANTA ISABEL DO PARÁ,MDB,17.41,05290,SANTA ISABEL DO PARA,PA,20.53,1. péssimo,-3.120000000000001
PA,1508126,ULIANÓPOLIS,MDB,17.41,04324,ULIANOPOLIS,PA,16.063076923076924,1. péssimo,1.3469230769230762
PA,1502772,CURIONÓPOLIS,MDB,17.41,05851,CURIONOPOLIS,PA,16.37909090909091,1. péssimo,1.0309090909090912
PA,1504307,MARACANÃ,MDB,17.41,04855,MARACANA,PA,24.81,1. péssimo,-7.399999999999999
PA,1505403,OURÉM,UNIÃO,15.68,05070,OUREM,PA,29.831818181818182,2. ruim,-14.151818181818182
PA,1505304,ORIXIMINÁ,REPUBLICANOS,14.1,05053,ORIXIMINA,PA,27.337333333333333,2. ruim,-13.237333333333334
PA,1507409,SÃO FRANCISCO DO PARÁ,PV,64.62,05479,SAO FRANCISCO DO PARA,PA,45.013333333333335,2. ruim,19.60666666666667
PA,1505601,PEIXE-BOI,MDB,17.41,05118,PEIXE-BOI,PA,17.932222222222222,1. péssimo,-0.5222222222222221
PA,1505908,PORTO DE MOZ,MDB,17.41,05177,PORTO DE MOZ,PA,30.615384615384617,2. ruim,-13.205384615384617
PA,1503408,INHANGAPI,UNIÃO,15.68,04677,INHANGAPI,PA,23.253333333333334,1. péssimo,-7.573333333333334
PA,1505486,PACAJÁ,MDB,17.41,05916,PACAJA,PA,18.233076923076922,1. péssimo,-0.8230769230769219
PA,1504950,NOVA ESPERANÇA DO PIRIÁ,MDB,17.41,04480,NOVA ESPERANCA DO PIRIA,PA,27.79,2. ruim,-10.379999999999999
PA,1500206,ACARÁ,MDB,17.41,04030,ACARA,PA,40.00066666666667,2. ruim,-22.590666666666667
PA,1503093,GOIANÉSIA DO PARÁ,UNIÃO,15.68,04006,GOIANESIA DO PARA,PA,18.625454545454545,1. péssimo,-2.9454545454545453
PA,1501907,BUJARU,MDB,17.41,04375,BUJARU,PA,32.18454545454545,2. ruim,-14.77454545454545
PA,1505809,PORTEL,MDB,17.41,05150,PORTEL,PA,28.918666666666667,2. ruim,-11.508666666666667
PA,1507102,SÃO CAETANO DE ODIVELAS,MDB,17.41,05410,SAO CAETANO DE ODIVELAS,PA,24.67,1. péssimo,-7.260000000000002
PA,1502152,CANAÃ DOS CARAJÁS,MDB,17.41,04707,CANAA DOS CARAJAS,PA,24.179333333333336,1. péssimo,-6.769333333333336
PA,1503309,IGARAPÉ-MIRI,PT,73.72,04650,IGARAPE-MIRI,PA,33.004666666666665,2. ruim,40.715333333333334
PA,1502939,DOM ELISEU,UNIÃO,15.68,05975,DOM ELISEU,PA,22.589333333333332,1. péssimo,-6.909333333333333
PA,1501782,BREU BRANCO,MDB,17.41,04448,BREU BRANCO,PA,21.26153846153846,1. péssimo,-3.8515384615384605
PA,1504422,MARITUBA,MDB,17.41,04642,MARITUBA,PA,27.190666666666665,2. ruim,-9.780666666666665
PA,1507904,SOURE,MDB,17.41,05576,SOURE,PA,22.367272727272727,1. péssimo,-4.957272727272727
PA,1500503,ALMEIRIM,MDB,17.41,04090,ALMEIRIM,PA,23.24,1. péssimo,-5.829999999999998
PA,1500131,ABEL FIGUEIREDO,UNIÃO,15.68,04502,ABEL FIGUEIREDO,PA,32.06,2. ruim,-16.380000000000003
PA,1503044,FLORESTA DO ARAGUAIA,MDB,17.41,04561,FLORESTA DO ARAGUAIA,PA,23.762727272727272,1. péssimo,-6.352727272727272
PA,1504802,MONTE ALEGRE,PP,16.94,04952,MONTE ALEGRE,PA,17.984,1. péssimo,-1.0440000000000005
PA,1505437,OURILÂNDIA DO NORTE,MDB,17.41,05959,OURILANDIA DO NORTE,PA,14.829230769230769,1. péssimo,2.5807692307692314
PA,1500305,AFUÁ,MDB,17.41,04057,AFUA,PA,21.76090909090909,1. péssimo,-4.3509090909090915
PA,1505502,PARAGOMINAS,MDB,17.41,05096,PARAGOMINAS,PA,25.728666666666665,2. ruim,-8.318666666666665
PA,1503804,JACUNDÁ,MDB,17.41,04758,JACUNDA,PA,23.661538461538463,1. péssimo,-6.251538461538463
PA,1505031,NOVO PROGRESSO,MDB,17.41,04383,NOVO PROGRESSO,PA,15.48090909090909,1. péssimo,1.9290909090909096
PA,1507805,SENADOR JOSÉ PORFÍRIO,PSD,23.02,05550,SENADOR JOSE PORFIRIO,PA,21.47222222222222,1. péssimo,1.5477777777777781
PA,1506138,REDENÇÃO,PRD,20.83,05673,REDENCAO,PA,21.917333333333332,1. péssimo,-1.0873333333333335
PA,1502806,CURRALINHO,PSD,23.02,04553,CURRALINHO,PA,17.518461538461537,1. péssimo,5.501538461538463
PA,1505007,NOVA TIMBOTEUA,PP,16.94,04995,NOVA TIMBOTEUA,PA,34.48111111111111,2. ruim,-17.54111111111111
PA,1506104,PRIMAVERA,PT,73.72,05215,PRIMAVERA,PA,41.03111111111111,2. ruim,32.68888888888889
PA,1504208,MARABÁ,PL,7.85,04839,MARABA,PA,24.693809523809524,1. péssimo,-16.843809523809526
PA,1506559,SANTA LUZIA DO PARÁ,MDB,17.41,04146,SANTA LUZIA DO PARA,PA,34.517272727272726,2. ruim,-17.107272727272726
PA,1507979,TERRA SANTA,REPUBLICANOS,14.1,04367,TERRA SANTA,PA,19.538,1. péssimo,-5.438000000000001
PA,1508100,TUCURUÍ,MDB,17.41,05614,TUCURUI,PA,18.09294117647059,1. péssimo,-0.6829411764705888
PA,1500958,AURORA DO PARÁ,MDB,17.41,04340,AURORA DO PARA,PA,30.46818181818182,2. ruim,-13.058181818181819
PA,1505205,OEIRAS DO PARÁ,PP,16.94,05037,OEIRAS DO PARA,PA,25.515555555555554,2. ruim,-8.575555555555553
PA,1501576,BOM JESUS DO TOCANTINS,MDB,17.41,04049,BOM JESUS DO TOCANTINS,PA,31.544545454545453,2. ruim,-14.134545454545453
PA,1504406,MARAPANIM,MDB,17.41,04871,MARAPANIM,PA,24.982727272727274,1. péssimo,-7.572727272727274
PA,1507466,SÃO JOÃO DA PONTA,PSD,23.02,04820,SAO JOAO DA PONTA,PA,18.732222222222223,1. péssimo,4.287777777777777
PA,1505650,PLACAS,MDB,17.41,04626,PLACAS,PA,17.722727272727273,1. péssimo,-0.3127272727272725
PA,1502509,CHAVES,PSD,23.02,04499,CHAVES,PA,27.775454545454544,2. ruim,-4.755454545454544
PA,1500602,ALTAMIRA,PSD,23.02,04111,ALTAMIRA,PA,28.18,2. ruim,-5.16
PA,1503903,JURUTI,MDB,17.41,04774,JURUTI,PA,21.625333333333334,1. péssimo,-4.215333333333334
PA,1507300,SÃO FÉLIX DO XINGU,PODE,20.7,05452,SAO FELIX DO XINGU,PA,16.468666666666667,1. péssimo,4.231333333333332
PA,1500701,ANAJÁS,MDB,17.41,04138,ANAJAS,PA,28.145454545454545,2. ruim,-10.735454545454544
PA,1506302,SALVATERRA,MDB,17.41,05258,SALVATERRA,PA,31.865454545454543,2. ruim,-14.455454545454543
PA,1507201,SÃO DOMINGOS DO CAPIM,PP,16.94,05436,SAO DOMINGOS DO CAPIM,PA,31.97888888888889,2. ruim,-15.038888888888888
PA,1503101,GURUPÁ,MDB,17.41,04618,GURUPA,PA,29.28909090909091,2. ruim,-11.879090909090909
PA,1508035,TRACUATEUA,PP,16.94,04669,TRACUATEUA,PA,31.80181818181818,2. ruim,-14.86181818181818
PA,1508159,URUARÁ,PSD,23.02,05754,URUARA,PA,19.688,1. péssimo,3.3320000000000007
PA,1505536,PARAUAPEBAS,AVANTE,33.86,05835,PARAUAPEBAS,PA,36.40470588235294,2. ruim,-2.544705882352943
PA,1507953,TAILÂNDIA,MDB,17.41,04022,TAILANDIA,PA,28.493846153846153,2. ruim,-11.083846153846153
PA,1503200,IGARAPÉ-AÇU,UNIÃO,15.68,04634,IGARAPE-ACU,PA,18.603846153846153,1. péssimo,-2.923846153846153
PA,1508209,VIGIA,MDB,17.41,05630,VIGIA,PA,27.086,2. ruim,-9.675999999999998
PA,1506112,QUATIPURU,MDB,17.41,04685,QUATIPURU,PA,22.375555555555554,1. péssimo,-4.965555555555554
PA,1508407,XINGUARA,MDB,17.41,05711,XINGUARA,PA,21.657333333333334,1. péssimo,-4.247333333333334
PA,1505494,PALESTINA DO PARÁ,PP,16.94,04162,PALESTINA DO PARA,PA,23.988888888888887,1. péssimo,-7.048888888888886
PA,1504604,MOCAJUBA,REPUBLICANOS,14.1,04910,MOCAJUBA,PA,34.96727272727273,2. ruim,-20.867272727272727
PA,1505635,PIÇARRA,MDB,17.41,04782,PICARRA,PA,23.483333333333334,1. péssimo,-6.073333333333334
PA,1501725,BRASIL NOVO,MDB,17.41,04227,BRASIL NOVO,PA,17.913636363636364,1. péssimo,-0.5036363636363639
PA,1503705,ITUPIRANGA,PP,16.94,04731,ITUPIRANGA,PA,26.456153846153846,2. ruim,-9.516153846153845
PA,1503507,IRITUIA,PSD,23.02,04693,IRITUIA,PA,36.668461538461536,2. ruim,-13.648461538461536
PA,1504976,NOVA IPIXUNA,MDB,17.41,04600,NOVA IPIXUNA,PA,31.776666666666667,2. ruim,-14.366666666666667
PA,1500859,ANAPU,REPUBLICANOS,14.1,04723,ANAPU,PA,24.733076923076922,1. péssimo,-10.633076923076922
PA,1501204,BAIÃO,MDB,17.41,04235,BAIAO,PA,26.445333333333334,2. ruim,-9.035333333333334
PA,1508357,VITÓRIA DO XINGU,MDB,17.41,04405,VITORIA DO XINGU,PA,38.39666666666667,2. ruim,-20.986666666666668
PA,1507755,SAPUCAIA,MDB,17.41,04847,SAPUCAIA,PA,26.13,2. ruim,-8.719999999999999
PA,1504703,MOJU,MDB,17.41,04936,MOJU,PA,31.50764705882353,2. ruim,-14.09764705882353
PA,1503002,FARO,PSD,23.02,04596,FARO,PA,18.204285714285714,1. péssimo,4.815714285714286
PA,1500404,ALENQUER,MDB,17.41,04073,ALENQUER,PA,26.688,2. ruim,-9.277999999999999
PA,1504505,MELGAÇO,MDB,17.41,04898,MELGACO,PA,19.874545454545455,1. péssimo,-2.464545454545455
PA,1504455,MEDICILÂNDIA,UNIÃO,15.68,05770,MEDICILANDIA,PA,21.074545454545454,1. péssimo,-5.3945454545454545
PA,1501303,BARCARENA,PP,16.94,04251,BARCARENA,PA,22.923333333333336,1. péssimo,-5.983333333333334
PA,1507458,SÃO GERALDO DO ARAGUAIA,MDB,17.41,05797,SAO GERALDO DO ARAGUAIA,PA,21.996363636363636,1. péssimo,-4.586363636363636
PA,1506609,SANTA MARIA DO PARÁ,PSD,23.02,05312,SANTA MARIA DO PARA,PA,28.01727272727273,2. ruim,-4.99727272727273
PA,1506401,SANTA CRUZ DO ARARI,MDB,17.41,05274,SANTA CRUZ DO ARARI,PA,29.346666666666668,2. ruim,-11.936666666666667
PA,1506195,RURÓPOLIS,PP,16.94,05894,RUROPOLIS,PA,20.426153846153845,1. péssimo,-3.4861538461538437
PA,1507508,SÃO JOÃO DO ARAGUAIA,PP,16.94,05495,SAO JOAO DO ARAGUAIA,PA,33.00555555555555,2. ruim,-16.06555555555555
PA,1507706,SÃO SEBASTIÃO DA BOA VISTA,MDB,17.41,05533,SAO SEBASTIAO DA BOA VISTA,PA,38.95545454545454,2. ruim,-21.545454545454543
PA,1506161,RIO MARIA,MDB,17.41,05690,RIO MARIA,PA,35.43181818181818,2. ruim,-18.02181818181818
PA,1502764,CUMARU DO NORTE,MDB,17.41,04529,CUMARU DO NORTE,PA,21.391111111111112,1. péssimo,-3.9811111111111117
PA,1507151,SÃO DOMINGOS DO ARAGUAIA,MDB,17.41,04464,SAO DOMINGOS DO ARAGUAIA,PA,22.60818181818182,1. péssimo,-5.198181818181819
PA,1503754,JACAREACANGA,MDB,17.41,04200,JACAREACANGA,PA,31.39,2. ruim,-13.98
PA,1507961,TERRA ALTA,REPUBLICANOS,14.1,04545,TERRA ALTA,PA,43.81777777777778,2. ruim,-29.717777777777776
PA,1507474,SÃO JOÃO DE PIRABAS,MDB,17.41,04065,SAO JOAO DE PIRABAS,PA,31.575454545454544,2. ruim,-14.165454545454544
PA,1507003,SANTO ANTÔNIO DO TAUÁ,MDB,17.41,05398,SANTO ANTONIO DO TAUA,PA,22.933,1. péssimo,-5.523
PA,1502905,CURUÇÁ,MDB,17.41,04570,CURUCA,PA,27.056923076923077,2. ruim,-9.646923076923077
PA,1501105,BAGRE,PSD,23.02,04219,BAGRE,PA,24.762307692307694,1. péssimo,-1.7423076923076941
PA,1501956,CACHOEIRA DO PIRIÁ,MDB,17.41,04766,CACHOEIRA DO PIRIA,PA,36.52,2. ruim,-19.110000000000003
PA,1506005,PRAINHA,PP,16.94,05193,PRAINHA,PA,24.393076923076922,1. péssimo,-7.453076923076921
PA,1502855,CURUÁ,UNIÃO,15.68,04740,CURUA,PA,18.16,1. péssimo,-2.4800000000000004
PA,1503457,IPIXUNA DO PARÁ,MDB,17.41,04189,IPIXUNA DO PARA,PA,35.32692307692307,2. ruim,-17.916923076923073
PA,1505064,NOVO REPARTIMENTO,PSD,23.02,04421,NOVO REPARTIMENTO,PA,26.328666666666667,2. ruim,-3.3086666666666673
PA,1501451,BELTERRA,MDB,17.41,04804,BELTERRA,PA,23.113636363636363,1. péssimo,-5.703636363636363
PA,1501758,BREJO GRANDE DO ARAGUAIA,PP,16.94,05932,BREJO GRANDE DO ARAGUAIA,PA,32.056666666666665,2. ruim,-15.116666666666664
RO,1100296,SANTA LUZIA D'OESTE,UNIÃO,15.68,00353,SANTA LUZIA D'OESTE,RO,19.24222222222222,1. péssimo,-3.5622222222222213
RO,1101492,SÃO FRANCISCO DO GUAPORÉ,PL,7.85,00795,SAO FRANCISCO DO GUAPORE,RO,22.946666666666665,1. péssimo,-15.096666666666666
RO,1101559,TEIXEIRÓPOLIS,MDB,17.41,00752,TEIXEIROPOLIS,RO,36.068888888888885,2. ruim,-18.658888888888885
RO,1100254,PRESIDENTE MÉDICI,PL,7.85,00191,PRESIDENTE MEDICI,RO,14.459999999999999,1. péssimo,-6.609999999999999
RO,1101302,MIRANTE DA SERRA,REPUBLICANOS,14.1,00574,MIRANTE DA SERRA,RO,39.32,2. ruim,-25.22
RO,1100098,ESPIGÃO DO OESTE,PL,7.85,00256,ESPIGAO D'OESTE,RO,18.227272727272727,1. péssimo,-10.377272727272727
RO,1101609,THEOBROMA,PSD,23.02,00590,THEOBROMA,RO,17.328888888888887,1. péssimo,5.691111111111113
RO,1100148,NOVA BRASILÂNDIA D'OESTE,PRTB,NA,00370,NOVA BRASILANDIA D'OESTE,RO,17.76875,1. péssimo,NA
RO,1100015,ALTA FLORESTA D'OESTE,UNIÃO,15.68,00310,ALTA FLORESTA DOESTE,RO,12.7625,1. péssimo,2.9175000000000004
RO,1100114,JARU,MDB,17.41,00159,JARU,RO,21.666,1. péssimo,-4.256
RO,1100601,CACAULÂNDIA,PL,7.85,00620,CACAULANDIA,RO,14.744444444444445,1. péssimo,-6.894444444444446
RO,1100064,COLORADO DO OESTE,PL,7.85,00230,COLORADO DO OESTE,RO,15.774545454545454,1. péssimo,-7.924545454545454
RO,1101708,URUPÁ,PL,7.85,00566,URUPA,RO,15.62375,1. péssimo,-7.77375
RO,1100379,ALTO ALEGRE DOS PARECIS,UNIÃO,15.68,00736,ALTO ALEGRE DOS PARECIS,RO,15.453333333333333,1. péssimo,0.22666666666666657
RO,1100452,BURITIS,PL,7.85,00779,BURITIS,RO,14.26909090909091,1. péssimo,-6.41909090909091
RO,1100700,CAMPO NOVO DE RONDÔNIA,UNIÃO,15.68,00671,CAMPO NOVO DE RONDONIA,RO,15.975555555555555,1. péssimo,-0.29555555555555557
RO,1100262,RIO CRESPO,PL,7.85,00647,RIO CRESPO,RO,13.922222222222222,1. péssimo,-6.072222222222223
RO,1100080,COSTA MARQUES,UNIÃO,15.68,00213,COSTA MARQUES,RO,17.33875,1. péssimo,-1.6587500000000013
RO,1101450,PARECIS,UNIÃO,15.68,00701,PARECIS,RO,16.31111111111111,1. péssimo,-0.6311111111111103
RO,1100049,CACOAL,PSD,23.02,00094,CACOAL,RO,19.916666666666668,1. péssimo,3.1033333333333317
RO,1100155,OURO PRETO DO OESTE,UNIÃO,15.68,00175,OURO PRETO DO OESTE,RO,13.064545454545454,1. péssimo,2.6154545454545453
RO,1101484,SÃO FELIPE D'OESTE,PSD,23.02,00710,SAO FELIPE D'OESTE,RO,19.18777777777778,1. péssimo,3.832222222222221
RO,1101104,ITAPUÃ DO OESTE,AVANTE,33.86,00493,ITAPUA DO OESTE,RO,21.615555555555556,1. péssimo,12.244444444444444
RO,1101476,PRIMAVERA DE RONDÔNIA,PL,7.85,00728,PRIMAVERA DE RONDONIA,RO,15.612222222222222,1. péssimo,-7.762222222222222
RO,1100809,CANDEIAS DO JAMARI,REPUBLICANOS,14.1,00477,CANDEIAS DO JAMARI,RO,19.26181818181818,1. péssimo,-5.161818181818182
RO,1100338,NOVA MAMORÉ,PL,7.85,00434,NOVA MAMORE,RO,19.631818181818183,1. péssimo,-11.781818181818183
RO,1101500,SERINGUEIRAS,UNIÃO,15.68,00582,SERINGUEIRAS,RO,16.67111111111111,1. péssimo,-0.9911111111111097
RO,1100502,NOVO HORIZONTE DO OESTE,UNIÃO,15.68,00515,NOVO HORIZONTE DO OESTE,RO,16.63888888888889,1. péssimo,-0.9588888888888896
RO,1100320,SÃO MIGUEL DO GUAPORÉ,PODE,20.7,00418,SAO MIGUEL DO GUAPORE,RO,17.58,1. péssimo,3.120000000000001
RO,1100924,CHUPINGUAIA,PP,16.94,00809,CHUPINGUAIA,RO,16.31875,1. péssimo,0.6212499999999999
RO,1101757,VALE DO ANARI,MDB,17.41,00698,VALE DO ANARI,RO,20.797777777777778,1. péssimo,-3.387777777777778
RO,1101435,NOVA UNIÃO,PSD,23.02,00744,NOVA UNIAO,RO,24.38,1. péssimo,-1.3599999999999994
RO,1100031,CABIXI,MDB,17.41,00450,CABIXI,RO,15.904444444444444,1. péssimo,1.5055555555555564
RO,1101401,MONTE NEGRO,PSD,23.02,00663,MONTE NEGRO,RO,17.715555555555557,1. péssimo,5.304444444444442
RO,1100023,ARIQUEMES,UNIÃO,15.68,00078,ARIQUEMES,RO,15.225999999999999,1. péssimo,0.4540000000000006
RO,1101468,PIMENTEIRAS DO OESTE,UNIÃO,15.68,00787,PIMENTEIRAS DO OESTE,RO,15.526666666666667,1. péssimo,0.15333333333333243
RO,1100908,CASTANHEIRAS,PP,16.94,00531,CASTANHEIRAS,RO,24.124444444444446,1. péssimo,-7.184444444444445
RO,1100403,ALTO PARAÍSO,REPUBLICANOS,14.1,00639,ALTO PARAISO,RO,15.168888888888889,1. péssimo,-1.068888888888889
RO,1100189,PIMENTA BUENO,PODE,20.7,00116,PIMENTA BUENO,RO,14.28875,1. péssimo,6.411249999999999
RO,1100106,GUAJARÁ-MIRIM,PP,16.94,00019,GUAJARA-MIRIM,RO,19.72,1. péssimo,-2.7799999999999976
RO,1101005,GOVERNADOR JORGE TEIXEIRA,PP,16.94,00612,GOVERNADOR JORGE TEIXEIRA,RO,17.76888888888889,1. péssimo,-0.828888888888887
RO,1100304,VILHENA,PODE,20.7,00132,VILHENA,RO,16.184615384615384,1. péssimo,4.515384615384615
RO,1100940,CUJUBIM,UNIÃO,15.68,00680,CUJUBIM,RO,16.232222222222223,1. péssimo,-0.5522222222222233
RO,1100122,JI-PARANÁ,PL,7.85,00051,JI-PARANA,RO,15.44125,1. péssimo,-7.5912500000000005
RO,1100288,ROLIM DE MOURA,UNIÃO,15.68,00299,ROLIM DE MOURA,RO,15.455714285714285,1. péssimo,0.2242857142857151
RO,1100130,MACHADINHO D'OESTE,PL,7.85,00396,MACHADINHO D'OESTE,RO,17.633636363636363,1. péssimo,-9.783636363636363
RO,1100346,ALVORADA DO OESTE,UNIÃO,15.68,00337,ALVORADA D'OESTE,RO,14.743333333333332,1. péssimo,0.9366666666666674
RO,1100056,CEREJEIRAS,UNIÃO,15.68,00272,CEREJEIRAS,RO,19.407777777777778,1. péssimo,-3.727777777777778
RO,1100072,CORUMBIARA,UNIÃO,15.68,00655,CORUMBIARA,RO,24.287142857142857,1. péssimo,-8.607142857142858
RO,1101203,MINISTRO ANDREAZZA,PSD,23.02,00604,MINISTRO ANDREAZZA,RO,16.33222222222222,1. péssimo,6.687777777777779
RO,1101807,VALE DO PARAÍSO,PSD,23.02,00558,VALE DO PARAISO,RO,16.043333333333333,1. péssimo,6.976666666666667
RR,1400282,IRACEMA,REPUBLICANOS,14.1,03026,IRACEMA,RR,24.543333333333333,1. péssimo,-10.443333333333333
RR,1400308,MUCAJAÍ,REPUBLICANOS,14.1,03093,MUCAJAI,RR,30.784545454545455,2. ruim,-16.684545454545457
RR,1400159,BONFIM,REPUBLICANOS,14.1,03077,BONFIM,RR,23.975555555555555,1. péssimo,-9.875555555555556
RR,1400456,PACARAIMA,PP,16.94,03123,PACARAIMA,RR,21.23181818181818,1. péssimo,-4.291818181818179
RR,1400233,CAROEBE,REPUBLICANOS,14.1,03000,CAROEBE,RR,14.333333333333334,1. péssimo,-0.23333333333333428
RR,1400506,SÃO JOÃO DA BALIZA,PP,16.94,03131,SAO JOAO DA BALIZA,RR,21.32,1. péssimo,-4.379999999999999
RR,1400209,CARACARAÍ,PP,16.94,03034,CARACARAI,RR,24.495454545454546,1. péssimo,-7.555454545454545
RR,1400704,UIRAMUTÃ,REDE,83.33,03107,UIRAMUTA,RR,42.51555555555556,2. ruim,40.81444444444444
RR,1400050,ALTO ALEGRE,REPUBLICANOS,14.1,03050,ALTO ALEGRE,RR,21.91090909090909,1. péssimo,-7.810909090909091
RR,1400472,RORAINÓPOLIS,REPUBLICANOS,14.1,03085,RORAINOPOLIS,RR,29.566153846153846,2. ruim,-15.466153846153846
RR,1400027,AMAJARI,PP,16.94,03042,AMAJARI,RR,28.373333333333335,2. ruim,-11.433333333333334
RR,1400605,SÃO LUIZ,PP,16.94,03158,SAO LUIZ,RR,19.406666666666666,1. péssimo,-2.466666666666665
RR,1400100,BOA VISTA,MDB,17.41,03018,BOA VISTA,RR,23.521428571428572,1. péssimo,-6.111428571428572
RR,1400175,CANTÁ,PP,16.94,03069,CANTA,RR,20.084444444444443,1. péssimo,-3.144444444444442
RR,1400407,NORMANDIA,PP,16.94,03115,NORMANDIA,RR,18.02,1. péssimo,-1.0799999999999983
TO,1707207,DOIS IRMÃOS DO TOCANTINS,UNIÃO,15.68,93459,DOIS IRMAOS DO TOCANTINS,TO,14.977777777777778,1. péssimo,0.7022222222222219
TO,1711506,JAÚ DO TOCANTINS,PSD,23.02,73369,JAU DO TOCANTINS,TO,33.26222222222222,2. ruim,-10.242222222222221
TO,1703602,BRASILÂNDIA DO TOCANTINS,REPUBLICANOS,14.1,73245,BRASILANDIA DO TOCANTINS,TO,16.54222222222222,1. péssimo,-2.442222222222222
TO,1720903,TAGUATINGA,REPUBLICANOS,14.1,96156,TAGUATINGA,TO,35.60111111111111,2. ruim,-21.501111111111108
TO,1702554,AUGUSTINÓPOLIS,REPUBLICANOS,14.1,96857,AUGUSTINOPOLIS,TO,22.38,1. péssimo,-8.28
TO,1718907,SANTA ROSA DO TOCANTINS,PP,16.94,92584,SANTA ROSA DO TOCANTINS,TO,16.09777777777778,1. péssimo,0.8422222222222224
TO,1715754,PALMEIRÓPOLIS,PDT,56.75,96490,PALMEIROPOLIS,TO,23.830000000000002,1. péssimo,32.92
TO,1718550,RIACHINHO,REPUBLICANOS,14.1,73024,RIACHINHO,TO,15.117777777777778,1. péssimo,-1.0177777777777788
TO,1716505,PEDRO AFONSO,PP,16.94,95257,PEDRO AFONSO,TO,23.58888888888889,1. péssimo,-6.648888888888887
TO,1711803,JUARINA,UNIÃO,15.68,73253,JUARINA,TO,15.427777777777777,1. péssimo,0.25222222222222257
TO,1708304,GOIANORTE,REPUBLICANOS,14.1,92240,GOIANORTE,TO,33.93333333333333,2. ruim,-19.83333333333333
TO,1710508,ITACAJÁ,REPUBLICANOS,14.1,94056,ITACAJA,TO,40.382222222222225,2. ruim,-26.282222222222224
TO,1701101,APARECIDA DO RIO NEGRO,REPUBLICANOS,14.1,96970,APARECIDA DO RIO NEGRO,TO,13.30888888888889,1. péssimo,0.7911111111111104
TO,1704600,CHAPADA DE AREIA,REPUBLICANOS,14.1,73474,CHAPADA DE AREIA,TO,15.73,1. péssimo,-1.6300000000000008
TO,1720309,SÃO SEBASTIÃO DO TOCANTINS,PSD,23.02,96032,SAO SEBASTIAO DO TOCANTINS,TO,14.165555555555555,1. péssimo,8.854444444444445
TO,1717008,PINDORAMA DO TOCANTINS,PP,16.94,95370,PINDORAMA DO TOCANTINS,TO,16.676666666666666,1. péssimo,0.2633333333333354
TO,1721208,TOCANTINÓPOLIS,PL,7.85,96210,TOCANTINOPOLIS,TO,25.415454545454544,2. ruim,-17.565454545454543
TO,1715259,NOVO JARDIM,MDB,17.41,73172,NOVO JARDIM,TO,28.53777777777778,2. ruim,-11.12777777777778
TO,1713957,MURICILÂNDIA,REPUBLICANOS,14.1,73342,MURICILANDIA,TO,13.693333333333333,1. péssimo,0.4066666666666663
TO,1701903,ARAGUACEMA,UNIÃO,15.68,92371,ARAGUACEMA,TO,16.36888888888889,1. péssimo,-0.68888888888889
TO,1718501,RECURSOLÂNDIA,REPUBLICANOS,14.1,73229,RECURSOLANDIA,TO,21.426666666666666,1. péssimo,-7.326666666666666
TO,1706506,DARCINÓPOLIS,REPUBLICANOS,14.1,73032,DARCINOPOLIS,TO,14.86,1. péssimo,-0.7599999999999998
TO,1713700,MONTE SANTO DO TOCANTINS,UNIÃO,15.68,73563,MONTE SANTO DO TOCANTINS,TO,13.69,1. péssimo,1.9900000000000002
TO,1720150,SÃO FÉLIX DO TOCANTINS,REPUBLICANOS,14.1,73105,SAO FELIX DO TOCANTINS,TO,16.185555555555556,1. péssimo,-2.0855555555555565
TO,1702307,ARAPOEMA,REPUBLICANOS,14.1,92452,ARAPOEMA,TO,17.108888888888888,1. péssimo,-3.0088888888888885
TO,1700251,ABREULÂNDIA,PT,73.72,73008,ABREULANDIA,TO,44.891111111111115,2. ruim,28.828888888888883
TO,1714302,NAZARÉ,PSD,23.02,94838,NAZARE,TO,17.344444444444445,1. péssimo,5.675555555555555
TO,1703008,BABAÇULÂNDIA,REPUBLICANOS,14.1,92592,BABACULANDIA,TO,14.802222222222222,1. péssimo,-0.7022222222222219
TO,1712454,LUZINÓPOLIS,UNIÃO,15.68,73520,LUZINOPOLIS,TO,15.328888888888889,1. péssimo,0.35111111111111093
TO,1701309,ARAGOMINAS,REPUBLICANOS,14.1,73334,ARAGOMINAS,TO,33.49444444444445,2. ruim,-19.394444444444446
TO,1718808,SAMPAIO,REPUBLICANOS,14.1,92541,SAMPAIO,TO,30.704444444444444,2. ruim,-16.604444444444447
TO,1703701,BREJINHO DE NAZARÉ,UNIÃO,15.68,92738,BREJINHO DE NAZARE,TO,24.28,1. péssimo,-8.600000000000001
TO,1703073,BARRA DO OURO,REPUBLICANOS,14.1,73610,BARRA DO OURO,TO,15.091111111111111,1. péssimo,-0.9911111111111115
TO,1722107,XAMBIOÁ,REPUBLICANOS,14.1,96431,XAMBIOA,TO,15.88888888888889,1. péssimo,-1.7888888888888896
TO,1720200,SÃO MIGUEL DO TOCANTINS,REPUBLICANOS,14.1,73180,SAO MIGUEL DO TOCANTINS,TO,29.15888888888889,2. ruim,-15.05888888888889
TO,1717909,PONTE ALTA DO TOCANTINS,PP,16.94,95532,PONTE ALTA DO TOCANTINS,TO,15.94142857142857,1. péssimo,0.9985714285714309
TO,1715507,OLIVEIRA DE FÁTIMA,PP,16.94,73466,OLIVEIRA DE FATIMA,TO,25.78666666666667,2. ruim,-8.846666666666668
TO,1720853,SUCUPIRA,REPUBLICANOS,14.1,73377,SUCUPIRA,TO,10.627777777777778,1. péssimo,3.4722222222222214
TO,1703867,CARIRI DO TOCANTINS,UNIÃO,15.68,73300,CARIRI DO TOCANTINS,TO,20.044444444444444,1. péssimo,-4.364444444444445
TO,1718709,RIO DOS BOIS,REPUBLICANOS,14.1,73415,RIO DOS BOIS,TO,24.104444444444447,1. péssimo,-10.004444444444447
TO,1712157,LAVANDEIRA,PSD,23.02,73601,LAVANDEIRA,TO,16.801111111111112,1. péssimo,6.218888888888888
TO,1709807,IPUEIRAS,PP,16.94,73598,IPUEIRAS,TO,15.688888888888888,1. péssimo,1.251111111111113
TO,1712702,MATEIROS,AGIR,NA,73270,MATEIROS,TO,15.47857142857143,1. péssimo,NA
TO,1719004,SANTA TEREZA DO TOCANTINS,REPUBLICANOS,14.1,92606,SANTA TEREZA DO TOCANTINS,TO,18.54111111111111,1. péssimo,-4.441111111111111
TO,1715705,PALMEIRANTE,REPUBLICANOS,14.1,73083,PALMEIRANTE,TO,26.43111111111111,2. ruim,-12.331111111111111
TO,1720937,TAIPAS DO TOCANTINS,REPUBLICANOS,14.1,73164,TAIPAS DO TOCANTINS,TO,17.85,1. péssimo,-3.7500000000000018
TO,1722081,WANDERLÂNDIA,UNIÃO,15.68,96652,WANDERLANDIA,TO,16.477777777777778,1. péssimo,-0.7977777777777781
TO,1718840,SANDOLÂNDIA,REPUBLICANOS,14.1,73156,SANDOLANDIA,TO,15.433333333333334,1. péssimo,-1.333333333333334
TO,1720655,SILVANÓPOLIS,PP,16.94,96598,SILVANOPOLIS,TO,17.106666666666666,1. péssimo,-0.1666666666666643
TO,1703891,CARRASCO BONITO,PP,16.94,73423,CARRASCO BONITO,TO,15.573333333333334,1. péssimo,1.3666666666666671
TO,1717503,PIUM,PP,16.94,95478,PIUM,TO,17.38,1. péssimo,-0.4399999999999977
TO,1718899,SANTA RITA DO TOCANTINS,PDT,56.75,73547,SANTA RITA DO TOCANTINS,TO,40.95375,2. ruim,15.79625
TO,1707306,DUERÉ,PDT,56.75,93475,DUERE,TO,27.55888888888889,2. ruim,29.19111111111111
TO,1713304,MIRANORTE,PL,7.85,94633,MIRANORTE,TO,12.927777777777777,1. péssimo,-5.0777777777777775
TO,1709500,GURUPI,UNIÃO,15.68,93858,GURUPI,TO,28.95,2. ruim,-13.27
TO,1710904,ITAPIRATINS,REPUBLICANOS,14.1,73202,ITAPIRATINS,TO,16.11,1. péssimo,-2.01
TO,1712405,LIZARDA,REPUBLICANOS,14.1,95699,LIZARDA,TO,28.72888888888889,2. ruim,-14.62888888888889
TO,1718006,PORTO ALEGRE DO TOCANTINS,PDT,56.75,92509,PORTO ALEGRE DO TOCANTINS,TO,28.24222222222222,2. ruim,28.50777777777778
TO,1706258,CRIXÁS DO TOCANTINS,REPUBLICANOS,14.1,73555,CRIXAS DO TOCANTINS,TO,12.24,1. péssimo,1.8599999999999994
TO,1715002,NOVA ROSALÂNDIA,REPUBLICANOS,14.1,92401,NOVA ROSALANDIA,TO,16.33111111111111,1. péssimo,-2.23111111111111
TO,1711951,LAGOA DO TOCANTINS,REPUBLICANOS,14.1,73113,LAGOA DO TOCANTINS,TO,15.573333333333334,1. péssimo,-1.4733333333333345
TO,1708254,TABOCÃO,PDT,56.75,73199,FORTALEZA DO TABOCAO,TO,39.25888888888889,2. ruim,17.49111111111111
TO,1718659,RIO DA CONCEIÇÃO,PT,73.72,73431,RIO DA CONCEICAO,TO,45.17111111111112,2. ruim,28.548888888888882
TO,1707009,DIANÓPOLIS,PT,73.72,93416,DIANOPOLIS,TO,29.869,2. ruim,43.851
TO,1703057,BANDEIRANTES DO TOCANTINS,REPUBLICANOS,14.1,73580,BANDEIRANTES DO TOCANTINS,TO,16.31888888888889,1. péssimo,-2.2188888888888894
TO,1718451,PUGMIL,UNIÃO,15.68,73571,PUGMIL,TO,12.324285714285715,1. péssimo,3.355714285714285
TO,1718402,PRESIDENTE KENNEDY,PP,16.94,96296,PRESIDENTE KENNEDY,TO,14.548333333333334,1. péssimo,2.3916666666666675
TO,1702158,ARAGUANÃ,PP,16.94,73318,ARAGUANA,TO,20.46888888888889,1. péssimo,-3.52888888888889
TO,1717206,PIRAQUÊ,REPUBLICANOS,14.1,73016,PIRAQUE,TO,34.14,2. ruim,-20.04
TO,1702000,ARAGUAÇU,PL,7.85,92398,ARAGUACU,TO,12.86125,1. péssimo,-5.01125
TO,1702208,ARAGUATINS,PP,16.94,92436,ARAGUATINS,TO,23.751538461538463,1. péssimo,-6.811538461538461
TO,1721109,TOCANTÍNIA,REPUBLICANOS,14.1,96199,TOCANTINIA,TO,38.77333333333333,2. ruim,-24.673333333333332
TO,1711902,LAGOA DA CONFUSÃO,UNIÃO,15.68,73385,LAGOA DA CONFUSAO,TO,18.203636363636363,1. péssimo,-2.5236363636363635
TO,1701002,ANANÁS,UNIÃO,15.68,92193,ANANAS,TO,24.093333333333334,1. péssimo,-8.413333333333334
TO,1707702,FILADÉLFIA,PP,16.94,93556,FILADELFIA,TO,29.002222222222223,2. ruim,-12.062222222222221
TO,1721257,TUPIRAMA,REPUBLICANOS,14.1,73458,TUPIRAMA,TO,15.362222222222222,1. péssimo,-1.2622222222222224
TO,1717800,PONTE ALTA DO BOM JESUS,REPUBLICANOS,14.1,95516,PONTE ALTA DO BOM JESUS,TO,24.576666666666668,1. péssimo,-10.476666666666668
TO,1703909,CASEARA,SOLIDARIEDADE,33.33,92088,CASEARA,TO,34.90222222222222,2. ruim,-1.5722222222222229
TO,1702406,ARRAIAS,REPUBLICANOS,14.1,92479,ARRAIAS,TO,26.276666666666667,2. ruim,-12.176666666666668
TO,1718881,SANTA MARIA DO TOCANTINS,REPUBLICANOS,14.1,73130,SANTA MARIA DO TOCANTINS,TO,14.593333333333334,1. péssimo,-0.49333333333333407
TO,1705607,CONCEIÇÃO DO TOCANTINS,PDT,56.75,93130,CONCEICAO DO TOCANTINS,TO,40.39888888888889,2. ruim,16.35111111111111
TO,1713205,MIRACEMA DO TOCANTINS,REPUBLICANOS,14.1,94617,MIRACEMA DO TOCANTINS,TO,33.43909090909091,2. ruim,-19.339090909090906
TO,1718865,SANTA FÉ DO ARAGUAIA,UNIÃO,15.68,73350,SANTA FE DO ARAGUAIA,TO,23.13222222222222,1. péssimo,-7.452222222222222
TO,1715150,NOVO ALEGRE,UNIÃO,15.68,73148,NOVO ALEGRE,TO,26.592222222222222,2. ruim,-10.912222222222223
TO,1703883,CARMOLÂNDIA,UNIÃO,15.68,73326,CARMOLANDIA,TO,16.50888888888889,1. péssimo,-0.8288888888888906
TO,1710706,ITAGUATINS,REPUBLICANOS,14.1,94099,ITAGUATINS,TO,25.366666666666667,2. ruim,-11.266666666666667
TO,1711100,ITAPORÃ DO TOCANTINS,REPUBLICANOS,14.1,94170,ITAPORA DO TOCANTINS,TO,16.448888888888888,1. péssimo,-2.3488888888888884
TO,1716703,COLMÉIA,REPUBLICANOS,14.1,95290,COLMEIA,TO,27.919999999999998,2. ruim,-13.819999999999999
TO,1718204,PORTO NACIONAL,UNIÃO,15.68,95591,PORTO NACIONAL,TO,16.033333333333335,1. péssimo,-0.3533333333333353
TO,1713601,MONTE DO CARMO,PDT,56.75,94692,MONTE DO CARMO,TO,17.254285714285714,1. péssimo,39.495714285714286
TO,1705557,COMBINADO,REPUBLICANOS,14.1,92142,COMBINADO,TO,16.236666666666668,1. péssimo,-2.1366666666666685
TO,1720101,SÃO BENTO DO TOCANTINS,PSD,23.02,73288,SAO BENTO DO TOCANTINS,TO,23.738888888888887,1. péssimo,-0.7188888888888876
TO,1705508,COLINAS DO TOCANTINS,UNIÃO,15.68,93114,COLINAS DO TOCANTINS,TO,22.223846153846154,1. péssimo,-6.543846153846154
TO,1714880,NOVA OLINDA,UNIÃO,15.68,96636,NOVA OLINDA,TO,20.191111111111113,1. péssimo,-4.511111111111113
TO,1702901,AXIXÁ DO TOCANTINS,UNIÃO,15.68,92576,AXIXA DO TOCANTINS,TO,21.66888888888889,1. péssimo,-5.988888888888891
TO,1703800,BURITI DO TOCANTINS,REPUBLICANOS,14.1,92045,BURITI DO TOCANTINS,TO,15.198888888888888,1. péssimo,-1.0988888888888884
TO,1703107,BARROLÂNDIA,UNIÃO,15.68,96997,BARROLANDIA,TO,25.642222222222223,2. ruim,-9.962222222222223
TO,1705102,CHAPADA DA NATIVIDADE,REPUBLICANOS,14.1,73482,CHAPADA DA NATIVIDADE,TO,25.04888888888889,2. ruim,-10.94888888888889
TO,1700707,ALVORADA,UNIÃO,15.68,92134,ALVORADA,TO,26.383333333333333,2. ruim,-10.703333333333333
TO,1713809,PALMEIRAS DO TOCANTINS,UNIÃO,15.68,73040,PALMEIRAS DO TOCANTINS,TO,29.754444444444445,2. ruim,-14.074444444444445
TO,1716109,PARAÍSO DO TOCANTINS,MDB,17.41,95192,PARAISO DO TOCANTINS,TO,18.90357142857143,1. péssimo,-1.4935714285714283
TO,1715101,NOVO ACORDO,PSDB,15.21,94994,NOVO ACORDO,TO,16.19333333333333,1. péssimo,-0.9833333333333307
TO,1709005,GOIATINS,REPUBLICANOS,14.1,95338,GOIATINS,TO,28.586666666666666,2. ruim,-14.486666666666666
TO,1700301,AGUIARNÓPOLIS,REPUBLICANOS,14.1,73512,AGUIARNOPOLIS,TO,15.293333333333333,1. péssimo,-1.1933333333333334
TO,1702109,ARAGUAÍNA,UNIÃO,15.68,92410,ARAGUAINA,TO,20.78157894736842,1. péssimo,-5.10157894736842
TO,1707108,DIVINÓPOLIS DO TOCANTINS,UNIÃO,15.68,92185,DIVINOPOLIS DO TOCANTINS,TO,32.602222222222224,2. ruim,-16.922222222222224
TO,1718758,RIO SONO,REPUBLICANOS,14.1,96792,RIO SONO,TO,16.641111111111112,1. péssimo,-2.541111111111112
TO,1702703,AURORA DO TOCANTINS,MDB,17.41,92533,AURORA DO TOCANTINS,TO,14.604444444444445,1. péssimo,2.8055555555555554
TO,1721307,TUPIRATINS,UNIÃO,15.68,73237,TUPIRATINS,TO,15.433333333333334,1. péssimo,0.24666666666666615
TO,1714203,NATIVIDADE,PP,16.94,94811,NATIVIDADE,TO,16.198888888888888,1. péssimo,0.7411111111111133
TO,1706001,COUTO MAGALHÃES,REPUBLICANOS,14.1,93211,COUTO MAGALHAES,TO,35.09,2. ruim,-20.990000000000002
TO,1707405,ESPERANTINA,UNIÃO,15.68,73296,ESPERANTINA,TO,21.907777777777778,1. péssimo,-6.227777777777778
TO,1720499,SÃO VALÉRIO,UNIÃO,15.68,92681,SAO VALERIO DA NATIVIDADE,TO,21.65125,1. péssimo,-5.971250000000001
TO,1709302,GUARAÍ,UNIÃO,15.68,96270,GUARAI,TO,20.982727272727274,1. péssimo,-5.3027272727272745
TO,1720804,SÍTIO NOVO DO TOCANTINS,UNIÃO,15.68,96130,SITIO NOVO DO TOCANTINS,TO,15.504444444444443,1. péssimo,0.17555555555555635
TO,1700400,ALMAS,PP,16.94,92070,ALMAS,TO,20.194444444444446,1. péssimo,-3.254444444444445
TO,1704105,CENTENÁRIO,REPUBLICANOS,14.1,73210,CENTENARIO,TO,12.71888888888889,1. péssimo,1.3811111111111103
TO,1712504,MARIANÓPOLIS DO TOCANTINS,PDT,56.75,92304,MARIANOPOLIS DO TOCANTINS,TO,19.560000000000002,1. péssimo,37.19
TO,1703826,CACHOEIRINHA,UNIÃO,15.68,73067,CACHOEIRINHA,TO,29.37,2. ruim,-13.690000000000001
TO,1703206,BERNARDO SAYÃO,REPUBLICANOS,14.1,92002,BERNARDO SAYAO,TO,26.18888888888889,2. ruim,-12.08888888888889
TO,1703305,BOM JESUS DO TOCANTINS,UNIÃO,15.68,73121,BOM JESUS DO TOCANTINS,TO,15.573333333333334,1. péssimo,0.10666666666666558
TO,1707553,FÁTIMA,UNIÃO,15.68,96830,FATIMA,TO,14.802222222222222,1. péssimo,0.8777777777777782
TO,1708205,FORMOSO DO ARAGUAIA,PSB,60.65,93653,FORMOSO DO ARAGUAIA,TO,29.23818181818182,2. ruim,31.41181818181818
TO,1716653,PEQUIZEIRO,UNIÃO,15.68,92487,PEQUIZEIRO,TO,23.06111111111111,1. péssimo,-7.38111111111111
TO,1701051,ANGICO,UNIÃO,15.68,73075,ANGICO,TO,15.117777777777778,1. péssimo,0.5622222222222213
TO,1720978,TALISMÃ,UNIÃO,15.68,73504,TALISMA,TO,18.608888888888888,1. péssimo,-2.9288888888888884
TO,1718303,PRAIA NORTE,PSD,23.02,92525,PRAIA NORTE,TO,17.833333333333332,1. péssimo,5.186666666666667
TO,1703842,CAMPOS LINDOS,REPUBLICANOS,14.1,73091,CAMPOS LINDOS,TO,16.353333333333335,1. péssimo,-2.2533333333333356
TO,1720259,SÃO SALVADOR DO TOCANTINS,REPUBLICANOS,14.1,73393,SAO SALVADOR DO TOCANTINS,TO,48.19,2. ruim,-34.089999999999996
TO,1716604,PEIXE,MDB,17.41,95273,PEIXE,TO,23.29222222222222,1. péssimo,-5.882222222222222
TO,1712009,LAJEADO,PSDB,15.21,73407,LAJEADO,TO,18,1. péssimo,-2.789999999999999
TO,1716307,PAU D'ARCO,REPUBLICANOS,14.1,73261,PAU D'ARCO,TO,26.35333333333333,2. ruim,-12.253333333333332
TO,1706100,CRISTALÂNDIA,UNIÃO,15.68,93238,CRISTALANDIA,TO,17.20888888888889,1. péssimo,-1.5288888888888899
TO,1716208,PARANÃ,REPUBLICANOS,14.1,95214,PARANA,TO,22.616666666666667,1. péssimo,-8.516666666666667
TO,1712801,MAURILÂNDIA DO TOCANTINS,UNIÃO,15.68,73059,MAURILANDIA DO TOCANTINS,TO,19.787777777777777,1. péssimo,-4.107777777777777
TO,1700350,ALIANÇA DO TOCANTINS,REPUBLICANOS,14.1,96954,ALIANCA DO TOCANTINS,TO,27.326666666666668,2. ruim,-13.226666666666668
TO,1720002,SANTA TEREZINHA DO TOCANTINS,REPUBLICANOS,14.1,73539,SANTA TEREZINHA DO TOCANTINS,TO,14.626666666666667,1. péssimo,-0.5266666666666673
AM,1302603,MANAUS,AVANTE,33.86,02550,MANAUS,AM,24.08942857142857,1. péssimo,9.77057142857143
MA,2105302,IMPERATRIZ,PP,16.94,08036,IMPERATRIZ,MA,27.782105263157895,2. ruim,-10.842105263157894
MT,5103403,CUIABÁ,PL,7.85,90670,CUIABA,MT,29.99923076923077,2. ruim,-22.14923076923077
PA,1501402,BELÉM,MDB,17.41,04278,BELEM,PA,33.68714285714286,2. ruim,-16.27714285714286
PA,1501402,BELÉM,MDB,17.41,04278,BELEM,PA,33.68714285714286,2. ruim,-16.27714285714286
RO,1100205,PORTO VELHO,PODE,20.7,00035,PORTO VELHO,RO,17.060526315789474,1. péssimo,3.6394736842105253
TO,1721000,PALMAS,PODE,20.7,73440,PALMAS,TO,20.523478260869567,1. péssimo,0.17652173913043256
